ticker,status,entry_date,entry_price,exit_date,exit_price,highest_close,theme,tier,signal_type,conviction,notes,stop_pct,position_size_pct,position_dollars,sizing_gear
SOFI,OPEN,2026-02-22,7.90,,,32.00,Financial Technology,T1,PASS,8,,,0.1,,
EVTL,OPEN,2026-02-22,4.50,,,7.00,Drone tech,T3,PASS,8,,,0.1,,
NVDA,OPEN,2026-03-01,150.00,,,188.63,AI Chip Manufacturer,T3,PASS,6,,,0.1,,
AMD,OPEN,2026-03-02,120.00,,,245.04,Semiconductors,T1,PASS,7,,,0.1,,
TMDX,CLOSED,2026-03-03,65.00,2026-03-27,99.05,150.00,Organ Transplantation,T1,PASS,8,"Exit: Profit lock (current +52% → 25% trail from $150.00, lock=$112.50)",,0.1,,
ASPI,OPEN,2026-03-04,6.00,,,14.40,Nuclear Fuel,T2,PASS,8,,,0.1,,
HIVE,OPEN,2026-03-04,2.10,,,6.00,Crypto Miner and Datacentres,T1,PASS,7,,,0.1,,
BAND,OPEN,2026-03-08,16.55,,,18.05,AI Voice CPaaS Infrastructure,T3,PASS,6,"Bandwidth owns the only independent Tier-1 IP voice network in CPaaS, giving it 20-50% cost advantages over Twilio and a structural moat nearly impossible to replicate. At 0.7x forward revenue — cheapest in the peer group despite 16% guided growth — the market prices in single-digit growth and ignores the emerging AI voice infrastructure thesis. The risk/reward from $16.55 is asymmetric: $21-28 on execution, $28-53 in a takeout, $10-12 on thesis failure.",,,,
VYGR,OPEN,2026-03-14,4.45,,,4.45,BBB Gene Therapy Platform,T2,PASS,6,"Voyager Therapeutics at $4.45 offers a 4.5:1 risk-reward on a validated BBB gene therapy platform that pharma is paying $800M-$1.4B to access, while the public market assigns just $56M of enterprise value above cash. The catalysts are specific (VY1706 IND Q2, FIH H2 2026), the downside is structurally bounded by a $3.43-3.63 cash floor, and an elite biotech specialist fund (EcoR1) increased its stake 497% in Q4 2025.",,0.1,,
