ticker,date,stage,decision,reason_code,type,conviction,theme,reason
AIRO,2026-06-07,tier2,DROP,thin-setup,,,Counter-Drone / Autonomous Warfare (C-UAS + attritable drones) [P1 — THE LEAD],thin-setup-not-worth-a-slot — the ≥4x needs a heroic multi-link chain (Blue UAS on-time → US 'Buy American' channel actually opens → win share vs a GROWING cleared-competitor field → GM recovers → bac
AMPX,2026-06-07,tier2,DROP,thin-setup,,,"High-Energy-Density Silicon-Anode & NDAA-Compliant Advanced Cells [P2] (HUNT; AMPX = the clean on-list Direct pure-play, but theme map already flags it 'priced/late')","thin-setup-not-worth-a-slot — survives the §4/§9 hard kills (real converting business, survival adequate, no disqualifier) but is merely-marginal: the >=4x venture path has been CONSUMED by the ~7-8x "
APPN,2026-06-07,tier2,DROP,thin-setup,,,Agentic Enterprise Software Re-Rate [P2 — HUNT],thin-setup-not-worth-a-slot — strong theme proxy but vehicle geometry caps below the bar: a multi-year-decelerating low-teens grower (13-14% total / 18-19% cloud) can't credibly ≥4x without a heroic m
BNED,2026-06-07,tier2,DROP,thin-setup,,,"Monster-shape — deleveraged college-bookstore / courseware turnaround (standalone, no Tier-0 theme fit)","thin-setup-not-worth-a-slot — credible path only ~2x (re-rate caps there); the flagged 3-4x great-trade lacks the required HIGH CONFIDENCE + protection (Q3 margins decelerating, mid-year guide cut, ne"
BXC,2026-06-07,tier2,DROP,thin-setup,,,"Housing & Building-Products Recovery (priority NONE/HOLD) — BXC = Adjacent building-products distributor, partly rate-levered; rate-decoupled leader is TGLS, not BXC","thin-setup-not-worth-a-slot — no high-confidence, downside-protected, catalyst-defined 3-4x and no ≥4x: only a rate-gated cyclical recovery mgmt dates to 2027+ (0/4 discriminators, margin inflection r"
GLBE,2026-06-07,tier2,DROP,thin-setup,,,Cross-border / global-commerce enablement SaaS platform compounder (Monster-shape standalone; flagged for Tier 0),thin-setup-not-worth-a-slot — real path but ceiling is a quality-grower ~2-3x re-rate (analyst-implied; 4x=~$21.6B unsupported by ~30%-and-decelerating growth at any sane multiple); falls short of BOT
IBIO,2026-06-07,tier2,DROP,no-path,,,"GLP-1 Muscle-Preservation Adjuncts [P3, floor 3] — myostatin-Ab/SARM muscle-sparing adjuncts dosed with GLP-1s","no-path / thin-setup-not-worth-a-slot / weak-proxy — §4 automatic (no credible path of EITHER kind: not a shown ≥4x; not a high-confidence protected 3-4x). Far-dated (2H-2027), undated, EXPLORATORY si"
IRIX,2026-06-07,tier2,DROP,no-path,,,Monster-shape ophthalmic-laser turnaround (no HUNT-theme fit),no-path + thin-setup-not-worth-a-slot — fails the §4 credible-path test (zero discriminators; the margin/CF inflection a V-turnaround needs is asserted for 2027 while GM/EBITDA fell YoY) on a structur
LE,2026-06-07,tier2,DROP,thin-setup,,,Monster-shape — apparel special-situation / brand-licensing JV catalyst (WHP Global JV); no Tier-0 HUNT-theme fit (flagged for Tier 0),"thin-setup-not-worth-a-slot — realistic ceiling ~2-3x SOTP re-rate (matches sell-side $32.50 ""Strong Buy"" PT ≈ 3x and forward P/E ~10x), below the great-trade 3-4x floor, unprotected, hinging on an un"
QTRX,2026-06-07,tier2,DROP,no-path,,,"Blood-Based Alzheimer's Diagnostics (single-name binary; Tier-0 HOLD'd the broader theme). Reframed at Tier 2: QTRX is really a declining life-science-tools company (Simoa + acquired Akoya spatial) with a small, now-flat AD-Dx option — not a clean pure-play Dx binary.",no-path + thin-setup — J1 fails both kinds: the binary was mis-specified (FDA clearance is NOT first-in-class — Fujirebio's p-tau217 test is already FDA-cleared/live via Quest — and NOT the value-unlo
RXRX,2026-06-07,tier2,DROP,no-path,,,"AI-Native TechBio / AI-Designed Drug Discovery (Tier-0 MONITOR, is_theme_real=FALSE)","no-path + weak-proxy — no credible path of EITHER kind (not a credible ≥4x: $1.9B→$7.6B+ needs re-underwriting the abandoned AI-OS premium, FAP is a small orphan, partner deals are ~$30M milestone chu"
SKYX,2026-06-07,tier2,DROP,no-path,,,"Monster-shape / standalone — smart-home & advanced-lighting platform with a licensing/OEM distribution flywheel; no clean Tier-0 HUNT-theme fit (flag for Tier 0). Judged standalone, proxy n/a.","no-path + weak-proxy/thin-setup — path SHOWS 0/4 §7 discriminators and rests on an Eurofase framework + an NVIDIA Connect-Program logo (no disclosed terms, no firm cash anchor, no converting backlog, "
STRT,2026-06-07,tier2,DROP,no-path,,,"Auto-Supplier Margin Restructuring / Recovery (legacy vehicle-access self-help margin expansion vs negative volume cycle; Tier-0 priority NONE/HOLD, floor 4)","no-path — J1 fails: neither a credible ≥4x nor a high-confidence, downside-protected 3-4x. A 3-4x to ~$1-1.4B needs ~4-5x clean-earnings growth (consensus clean EPS ~$3.67, ~$14-15M NI), but revenue i"
TGLS,2026-06-07,tier2,DROP,no-path,,,Housing & Building-Products Recovery / commercial-glass + infra-water decoupled rung (decoupled-leader escape: TGLS),"no-path — reviewer-suspected great-trade/≥4x path REFUTED on current data: at ~$1.93B cap, ~11% revenue growth with compressing margins gives no credible ≥4x or high-confidence protected 3-4x (realist"
TWI,2026-06-07,tier2,DROP,thin-setup,,,Standalone deep-cyclical off-highway tire/undercarriage turnaround (ag/construction equipment cycle) — no on-list HUNT theme,"thin-setup-not-worth-a-slot — honest equity geometry caps at ~2-3x (net debt ~$441M / ~4.3x trough leverage half-consumes the mid-cycle operating-leverage upside), below both qualifying bars; ag-cycle"
ULBI,2026-06-07,tier2,DROP,no-path,,,"High-Energy-Density Silicon-Anode & NDAA-Compliant Advanced Cells [P2] — but T1.5 REFUTED the silicon-anode label; ULBI is a cheap defense/industrial-power V/turnaround (Electrochem = primary lithium-metal/ultracapacitor), peripheral to the SiCore sub-theme whose strong vehicle is AMPX.",no-path / thin-setup-not-worth-a-slot — structurally ~6% peak-op-margin business: no credible >=4x (a 4x ~$450-510M cap needs ~45-65x peak P/E; sell-side bull sees only ~2x/$14) and no high-confidence
YXT,2026-06-07,tier2,DROP,ruin,,,Agentic Enterprise Software Re-Rate [P2] — loose/non-fit (China edtech AI-pivot),"ruin + no-path: cash US$58M→US$19.3M in one year (~US$39M FY25 burn, <1yr runway, $100M shelf over ~$30M cap) = §9 ruin auto-DROP; and the entire agentic-pivot thesis is immaterial (AI MRR ~US$1.9M an"
