week_id,anchor_date,theme,sub_theme,surfaced_via,stage,recognition,fuel_mix,floor_level,regime_fit,eligibility_gate,escape_applied,hunting_priority,priority_tier,score_demand,score_growth,score_inflection,score_durability,score_catalyst,score_capital,score_vehicle,demand_mechanism,delta_vs_last_week,proxy_quality,best_vehicles,flagged_this_week
2026-W23,2026-06-06,High-Energy-Density Silicon-Anode & NDAA-Compliant Advanced Cells (drone/eVTOL/defense/space power),"Silicon-anode / next-gen lithium cells where Wh/kg is the binding constraint for unmanned aviation, defense UAVs and LEO/space; NDAA-compliant domestic capacity contracted ahead of revenue","cluster, leading-indicator",early,closing,fundamental,2,tailwind,pass,decoupled-leader,HUNT,P3,strong,building,strong,strong,building,building,building,"Wh/kg energy density is the hard physical bottleneck for UAS endurance, eVTOL range and LEO/satellite power; defense/drone/aero OEMs design silicon-anode cells in via firm POs and contract-mfg capacity, pulled by a funded, dated NDAA domestic-sourcing mandate (new programs 2028, standard batteries 2029, FCC carve-out expiry Jan 2027) creating mandated domestic demand ahead of supply. Pick-and-shov",NEW (cold-start map),,AMPX; STI; ULBI; ENVX; SLDP,AMPX; STI; ULBI
2026-W23,2026-06-06,GLP-1 Muscle-Preservation Adjuncts (anti-catabolic obesity combo drugs),Muscle-sparing adjuncts (myostatin antibodies / SARM) dosed alongside GLP-1s to preserve lean mass and break the weight-loss plateau,cluster,early,open,narrative,3,neutral,pass,none,HUNT,P3,building,strong,building,building,strong,building,building,"GLP-1 obesity drugs cause clinically documented lean-muscle loss; ""quality of weight loss"" is an FDA-acknowledged gap. Small-caps develop muscle-preserving adjuncts (VERU enobosarm/SARM, IBIO-600 anti-myostatin Ab) dosed WITH GLP-1s. Who-pays = obesity-drug makers + payers wanting better body-composition outcomes on the largest pharma TAM of the decade.",NEW (cold-start map),,VERU; IBIO; SRRK,VERU; IBIO
2026-W23,2026-06-06,"Counter-Drone / Autonomous Warfare (C-UAS + attritable drones, Pentagon largest-ever buy)","Counter-UAS interception & net-capture hardware plus attritable-drone procurement under DAWG (Replicator successor), riding funded defense budgets","cluster, top-down, leading-indicator",early,closing,fundamental,2,tailwind,pass,decoupled-leader,HUNT,P1,strong,strong,strong,building,strong,building,building,"Cheap FPV drones neutralizing multi-million-dollar assets (Ukraine/Mideast) triggered a funded government procurement cycle. Converting NOW: Axon/Dedrone Q1'26 counter-drone revenue +300% YoY, bookings +500%; AIRO >$150M contracted drone backlog (Apr'26, majority converting <12mo) + Blue UAS cert Q2'26; Perennial Autonomy $500M 3-yr C-UAS IDIQ (May'26, Merops 4,000+ Ukraine intercepts); Anduril co",NEW (cold-start map),,PRZO; AIRO; GXAI; AXON; ONDS; RCAT,PRZO; AIRO
2026-W23,2026-06-06,Golden Dome Missile Defense (layered shield + space-sensing/transport layer + proliferated-LEO launch),"Proliferated-LEO missile-tracking/sensing + launch cadence + drone-component buildout (the contracted, picks-and-shovels layer beneath the frothy interceptor narrative)","top-down, leading-indicator",early,closing,fundamental,2,tailwind,pass,decoupled-leader,HUNT,P2,strong,strong,building,strong,strong,building,building,"Funded national-security megaproject converting into FIRM FIXED-PRICE prime contracts NOW: SDA Tranche 3 ~$3.5B FFP for 72 missile-tracking/warning sats (Dec 2025, launch FY29); SpaceX SB-AMTI $4.16B + Space Data Network $2.29B (~$6.45B, fielding 2028); fresh SBI prototype awards up to $3.2B across 12 firms (Apr 2026, incl. RKLB/Raytheon SBI selection); ~$24.4B FY26 reconciliation money confirmed ",NEW (cold-start map),,AIRO; AMPX; ULBI; BAH; RKLB,AIRO; AMPX; ULBI; BAH
2026-W23,2026-06-06,"AI Data-Center Power & Grid Bottleneck (transformers, switchgear, GOES steel, gas turbines, behind-the-meter generation)",Heavy electrical equipment + on-site/islanded power generation gating the hyperscaler AI buildout; open layer = small-cap switchgear/transformer pure-plays + behind-the-meter generation,"top-down, leading-indicator (equipment-as-bottleneck on hyperscaler capex)",mid,closing,fundamental,1,tailwind,pass,decoupled-leader,HUNT,P1,strong,strong,strong,building,building,building,building,"Equipment (not capital) gates the AI buildout: ~$635-725B hyperscaler 2026 capex blocked by ~30% power-transformer shortfall (Wood Mackenzie) and 4-5yr lead times; whoever supplies transformers/switchgear/HVDC/GOES steel + behind-the-meter generation captures committed spend before data centers earn revenue. GEV Q1-2026: $2.4B DC electrification orders (> all FY2025), gas-turbine backlog 83->100 G",NEW (cold-start map),,POWL; PSIX; CNM; AZZ; ATKR,
2026-W23,2026-06-06,Nuclear Renaissance / SMR + HALEU Fuel + Hyperscaler PPAs,HALEU enrichment / domestic fuel sub-bottleneck (Centrus as firm-cash decoupled leader; ASPI/QLE + NNE-via-LIS as earlier-innings fuel leverage); existing-reactor operators (TLN/CEG/VST) as firm-PPA cash anchor,"top-down, leading-indicator (hyperscaler PPA signings + DOE HALEU deliveries/allocations)",mid,closing,fundamental,2,tailwind,pass,decoupled-leader,HUNT,P2,strong,strong,building,strong,strong,building,building,"Big-tech AI power demand pulling nuclear via firm long-dated PPAs (AWS-Talen 17-yr 1.92GW to 2042 + ~$20B AWS PA; Vistra-Meta 20-yr 2,600+MW; Microsoft-Crane/Constellation 835MW restart 2027) converting through existing-reactor operators NOW; gated upstream by a structurally scarce domestic HALEU enrichment bottleneck (only Russia commercial today) which DOE is funding with $2.7B Jan-2026 enrichme",NEW (cold-start map),,LEU; ASPI; NNE; OKLO; SMR; TLN,
2026-W23,2026-06-06,Rare Earths & Critical Minerals Onshoring (DoD price floors + funded policy),"Heavy-rare-earth / NdPr magnet value chain de-risked by US government cash, price floors and offtake (second-tier magnet/heavy-REE/gallium names, not the priced MP anchor)","top-down, leading-indicator (DoD price-floor / funded-policy signal preceding broad equity recognition of the second-tier chain)",early,closing,fundamental,2,tailwind,pass,decoupled-leader,HUNT,P2,strong,building,strong,building,strong,building,building,US government-engineered demand: DoD 10-yr ~$110/kg NdPr price floor (~2x market) + $400M preferred equity (DoD ~15% largest MP shareholder) + $150M loan + 30% upside share + funded '10X' magnet facility; MP-Apple $500M definitive recycled-magnet offtake (shipments 2027). Periphery: USAR $1.6B is a NON-BINDING LOI with Dept of COMMERCE under CHIPS Act ($277M direct + $1.3B senior secured 15-yr deb,NEW (cold-start map),,USAR; UAMY; UUUU; CRML; MP,
2026-W23,2026-06-06,Copper Structural Deficit (Electrification Bottleneck),Persistent refined-copper shortfall (data centers + EVs + grid) — long-dated 2030s structural deficit,"top-down, leading-indicator",late,closing,fundamental,2,neutral,pass,none,HOLD,none,building,strong,weak,strong,building,weak,building,"Supply-constrained physical bottleneck: refined-copper deficit triple-driven by data centers (wiring/cooling/power), EVs (~80-100kg Cu/vehicle, 3-4x ICE), and grid modernization, against a 12-18yr mine-development lag. Long-dated deficit corroborated by IEA (~30% supply gap by 2035), WoodMac (+24% demand by 2035, ~43Mt), and BofA (FCX an AI-data-center beneficiary). Mechanism is real but near-term",NEW (cold-start map),,ERO; TGB; CPER; CNM,
2026-W23,2026-06-06,Data-Center Thermal Management / Liquid Cooling,Direct-to-chip + immersion cooling as the rack-density bottleneck,"top-down, leading-indicator",mid,closing,fundamental,2,tailwind,pass,decoupled-leader,HUNT,P2,strong,strong,strong,building,strong,building,building,"GPU rack power density (TDP >1000W) has exceeded air cooling, forcing direct-to-chip and immersion on every new AI cluster. Cooling spend is non-discretionary and tied directly to funded ~$500-650B 2026 hyperscaler capex; failure to deploy caps AI compute. Converting to realized revenue now, not extrapolated.",NEW (cold-start map),,VRT; MOD; AAON; SMCI; NVMI; BOXABL,
2026-W23,2026-06-06,AI Memory Supercycle (HBM / DRAM),"AI-memory slice (HBM/DRAM) mis-bucketed inside a ""mature"" memory market; commodity DRAM short because wafers reallocated to HBM — adjacent/decoupled edge (WDC HDD-side, durability-recognition gap) over the parabolic leaders",leading-indicator,mid,closing,fundamental,1,neutral,pass,decoupled-leader,HOLD,none,strong,strong,strong,building,strong,building,weak,"AI-driven HBM/DRAM/NAND acute supply squeeze: top-3 DRAM makers (>95% share) reallocated wafers to HBM (~3x wafer/GB vs DDR5), leaving commodity DRAM critically short. Committed offtake: SK Hynix sold out DRAM/NAND/HBM through 2026 (much to Nvidia); hyperscaler + Nvidia multi-year LTAs lock capacity; realized contract-price escalation (DRAM +55-90% QoQ, NAND +33-75% QoQ; DRAM ~+70%+ for 2026) is i",NEW (cold-start map),,WDC; MU; SNDK; SMH,
2026-W23,2026-06-06,Humanoid Robotics / Physical AI Supply Chain,Actuator / harmonic-reducer component bottleneck (pick-and-shovel),"top-down, leading-indicator",early,closing,narrative,3,tailwind,pass,sub-theme,HUNT,P3,building,strong,building,strong,building,building,weak,"Physical-AI component bottleneck converting at the actuator/harmonic-reducer layer: Tesla/Musk $685M Sanhua actuator order (Oct-2025, Mexico delivery 2026); Harmonic Drive Systems booking ~¥2.5B humanoid orders FY3/26 with US-client visibility into doubling/tripling FY3/27; Top Group targeting 300k actuator sets Q2-2026; Chinese suppliers pre-building 100k-1M robot-equivalent capacity. Real firm o",NEW (cold-start map),,,
2026-W23,2026-06-06,Fault-Tolerant Quantum Computing (Logical-Qubit Inflection),Logical-qubit / error-correction milestones on-roadmap + CHIPS $2B equity-stake government pull,"top-down, leading-indicator",early,closing,narrative,3,tailwind,pass,decoupled-leader,HUNT,P3,building,strong,building,building,strong,strong,building,"Dated logical-qubit/error-correction milestones hitting on roadmap (Quantinuum 94/48 protected logical qubits, logical gate error ~1e-4 beyond break-even, Mar 2026) drive rising government + private capital. NEW vs 0b: ~$2.01B CHIPS/Commerce program — signed letters of intent + minority equity stakes across 9 companies (IBM $1B, Rigetti, D-Wave), binding awards May 2026 — converts part of the prio",NEW (cold-start map),,,
2026-W23,2026-06-06,Cybersecurity for the AI/Agentic Era,Post-quantum cryptography (PQC) migration + agentic-threat defense,top-down (Gartner infosec forecast + federal PQC/AI executive-order mandates),mid,closing,fundamental,2,neutral,pass,sub-theme,HOLD,none,strong,building,building,strong,strong,building,weak,"Non-discretionary, policy-reinforced security spend. Gartner global infosec $240B+ in 2026 (+12.5%, revised up to $244.2B/+13.3%), AI/genAI threats a named growth driver. Hard-dated federal PQC mandates: NSM-10 federal-agency transition ~April 2026; June-2025 EO requires contractor PQC readiness by Jan 4, 2027 or contract exclusion; June-2-2026 Trump AI EO stands up an AI cybersecurity clearinghou",NEW (cold-start map),,BAH; AUID,BAH
2026-W23,2026-06-06,"Stablecoins, Tokenization & On-Chain Dollar Rails (GENIUS Act)",GENIUS Act regulatory unlock + funded rulemaking funneling demand into compliant payment-stablecoin issuers and tokenized deposits,"top-down, leading-indicator",mid,closing,fundamental,2,neutral,pass,decoupled-leader,HOLD,none,strong,strong,strong,building,strong,building,weak,"GENIUS Act (first US federal stablecoin law, enacted 18 Jul 2025) creates a regulated pathway for banks/fintechs to issue/custody fully-reserved stablecoins, accelerating settlement of traditional and tokenized securities. Realized via reserve income (Treasury yield on 100%-reserved float) and tokenized-deposit/RWA settlement volume. Implementing rulemaking funded and dated (FDIC/OCC/Treasury NPRM",NEW (cold-start map),,CRCL; SOFI; COIN; BULL; GLXY; HOOD; EBON,
2026-W23,2026-06-06,Next-Gen Obesity / Metabolic Therapeutics,"Oral and multi-pathway GLP-1 successors (amylin combos, dual agonists)","top-down, leading-indicator",mid,open,fundamental,2,headwind,pass,decoupled-leader,HUNT,P3,strong,strong,building,strong,strong,building,building,"Structurally expanding obesity-drug market (~$10.1B 2026 → ~$66.6B 2035, ~23% CAGR; 193+ pipeline assets). Real converting demand: Wegovy/Zepbound/now-Foundayo shipping at scale; injectable supply/convenience ceilings driving the oral/amylin race. Investable edge = next-wave oral GLP-1s + amylin/dual-agonist combos. Firm rising capital is in M&A (Pfizer-Metsera ~$10B cash+CVR completed Nov-2025, e",NEW (cold-start map),,VKTX; GPCR; VERU; ALT; TERN; NVO,VERU
2026-W23,2026-06-06,Next-Gen / Long-Duration Glucose Monitoring & Diabetes Tech,Year-long implantable CGM (Eversense 365) + AID integration & commercial-control reversion vs 10-15 day disposable incumbents,"cluster, leading-indicator",mid,open,fundamental,2,neutral,pass,none,HUNT,P3,strong,building,strong,building,strong,building,building,"CGM shifting from short-life disposables (Abbott/Dexcom/Medtronic ~98% share) toward longer-duration/implantable form factors + automated-insulin-delivery (AID) integration. SENS commercialized Eversense 365 (world-first one-year implantable CGM; FDA Sept 2024, EU CE Jan 2026), retook US commercial/distribution control from Ascensia eff. Jan 1 2026 (revenue-share eliminated → per-unit revenue + gr",NEW (cold-start map),,SENS; TRIB; TNDM; DXCM,SENS; TRIB
2026-W23,2026-06-06,Blood-Based Alzheimer's / Neuro Diagnostics,Plasma p-Tau 217 + multi-analyte algorithmic blood tests displacing PET/CSF for Alzheimer's triage (QTRX LucentAD),leading-indicator,early,closing,fundamental,2,neutral,pass,decoupled-leader,HOLD,none,building,building,building,building,strong,weak,building,Anti-amyloid therapy approvals (Leqembi/Kisunla) created funded clinical need for cheap scalable blood-based triage to identify treatable patients. Reimbursement-and-regulatory-funded adoption: CMS set $897 price for LucentAD Complete; QTRX FDA Breakthrough Designation + multi-analyte 510(k) submitted Feb 2026; Tempus AI distribution channel live. Diagnostics-partner revenue +81% YoY in Q1 2026 ($,NEW (cold-start map),,QTRX; FNA; NTRA; LH,QTRX
2026-W23,2026-06-06,Cancer Immunotherapy / KRAS Vaccine Catalyst Cohort,"Elicio (ELTX) single-name: near-dated, blinded binary mKRAS pancreatic-vaccine Phase 2 DFS readout (AMPLIFY-7P)",leading-indicator (event-driven DFS catalyst on the signal list),early,closing,narrative,4,headwind,pass,decoupled-leader,HOLD,none,weak,building,building,building,strong,building,building,"Funded biotech binary catalyst — a dated, blinded Phase 2 DFS efficacy readout that clinically de-risks the mKRAS-mutant solid-tumor opportunity. ""Demand"" = an efficacy endpoint, not contracted revenue/backlog. Funded through the print (cash $14.9M, runway into Q4 2026, past the mid-2026 analysis), so no forced raise into the catalyst, but outcome unverifiable and pre-commercial.",NEW (cold-start map),,ELTX; RXRX; PACB; QTRX; BTAI,ELTX
2026-W23,2026-06-06,Genomics & Life-Science Research Tools (long-read sequencing + sample infra),Long-read/HiFi sequencing and sample-management/biomarker infrastructure,cluster,early,open,narrative,4,headwind,monitor,decoupled-leader,AVOID,none,weak,building,weak,building,building,weak,building,"Research/clinical sequencing + biomarker workflows (long-read HiFi sequencing platforms, cold-chain sample management/genomic services, ultra-sensitive biomarker assays). Demand is real but capex-sensitive and currently DELAYED/impaired by depressed NIH-biopharma tools funding (15% indirect-cost cap; FY2026 obligations ~34% below FY2024 pace). Announced/funding-dependent, NOT firm — no fixed-price",NEW (cold-start map),,,
2026-W23,2026-06-06,Housing & Building-Products Recovery (repair/remodel + new-build supply chain),"Commercial/multifamily architectural glass + infrastructure-water distribution (TGLS decoupled leader; SKYX big-box product-cycle) carved out of a broad, largely-recognized residential-rate cluster",cluster,mid,closing,narrative,3,neutral,pass,decoupled-leader,HOLD,none,building,building,weak,weak,weak,weak,building,"Bifurcated. Stated unifier = anticipated rate relief reviving housing + repair/remodel + infrastructure spend, but mortgage 6.48% (Freddie Mac Jun-4) forecast >6% all 2026, so no sharp rate catalyst — residential leg in outright contraction. Genuine converting demand concentrated in: TGLS commercial/multifamily architectural glass (record $1.36B backlog +19.1% YoY, book-to-bill 1.3x for 21 straigh",NEW (cold-start map),,,TGLS; CNM; SKYX
2026-W23,2026-06-06,Auto-Supplier Margin Restructuring / Recovery,Multi-year self-help restructuring at legacy auto-parts suppliers inflecting to margin expansion,"cluster (CPS/STRT/APTV margin-inflection screen, +DAN/AXL)",mid,open,fundamental,4,neutral,pass,none,HOLD,none,building,weak,building,weak,building,weak,building,"Internal cost-out + portfolio simplification converting to earnings recovery off a depressed base (STRT gross margin +330bps; DAN funded $325M program lifting guided adj-EBITDA margin 8.1%→10.7%; AXL/Dowlais $12B close; APTV Versigent spin) — a cyclical/idiosyncratic margin-recovery basket, NOT rising secular end-demand.",NEW (cold-start map),,STRT; CPS; APTV; DAN; DCH,STRT; CPS; APTV
2026-W23,2026-06-06,Macau / Integrated-Resort Gaming Recovery,Macau GGR recovery + committed concession capex cycle,cluster (WYNN + MLCO co-fired),late,closing,fundamental,3,neutral,pass,none,HOLD,none,strong,weak,building,weak,building,weak,weak,"Recovering Asian gaming/visitation (Macau GGR +6.7% YoY May 2026, +10.9% YTD, strongest May since pandemic) converting to reported earnings (MLCO Q1-26 rev +11% to $1.37B, net income >2x to $76.8M; Wynn Macau profit +10.9%), PLUS contractually-mandated concession capex (~$14.8-19.3B six-operator mandate; WYNN Enclave $900-950M committed, build H2-2026). Demand firm and converting but DECELERATING;",NEW (cold-start map),,MLCO; WYNN,MLCO; WYNN
2026-W23,2026-06-06,Companion-Animal / Pet Health (vet diagnostics + therapeutics),Diagnostics-penetration / attach-rate + therapeutic share + pet-insurance subscription (NOT recession-proof wallet),cluster (ELAN + IDXX co-firing; 0b recall),mid,open,fundamental,2,neutral,pass,none,HOLD,none,strong,building,strong,building,weak,weak,building,"Firm, converting, recurring-revenue demand already on the P&L: IDXX CAG recurring diagnostics +11% organic with raised FY guide ($4.675-4.760B); ELAN Pet Health +12% on Zenrelia (blockbuster) + Credelio Quattro share gains; TRUP subscription +16% to $269.5M with first GAAP profit. Engine = diagnostics attach/utilization + pricing + therapeutic share OFFSETTING soft visit volumes (IDXX visits -1.7%",NEW (cold-start map),,ELAN; IDXX; TRUP; ZTS,ELAN; IDXX
2026-W23,2026-06-06,China ADR Logistics / New-Energy Infrastructure micro-caps (LOW-CONFIDENCE),"Nasdaq-listed thin-float China-facing logistics / offshore-wind-logistics / SaaS micro-caps (ELOG, YXT, EBON)",cluster (listing/thin-float China-ADR co-movement),early,open,flow,5,neutral,monitor,decoupled-leader,AVOID,none,weak,weak,weak,weak,weak,weak,weak,"None as a theme — heterogeneous businesses bucketed only by being recently-listed thin-float China ADRs; demand pool explicitly not establishable. Single operational thread = ELOG offshore-wind component/blade logistics, transport and installation (up to 110m blades), driven by China offshore-wind buildout — but that is one small company, not a shared demand mechanism.",NEW (cold-start map),,,
2026-W23,2026-06-06,Precious-Metals Miners — Silver/Gold Structural-Deficit Breakout,"Primary silver miners + leveraged junior gold producers (industrial+monetary dual demand, extreme operating leverage to metal)",completeness-critic (commodity-complex omission),mid,closing,fundamental,2,neutral,pass,none,HOLD,none,strong,building,strong,building,building,weak,building,"Dual industrial+monetary demand against a structural, recurring (6th consecutive year) supply deficit. Most silver is a lead/zinc/copper by-product so primary mine supply is price-inelastic; primary-silver miners carry extreme operating leverage (revenue/oz rises against a roughly fixed cost base → nonlinear equity re-rate). Demand is FIRM/realized (physical consumption + ETP inflows, +18% physica",NEW (cold-start map),,AG; MAG; EXK; SILV; GATO; FSM; HL; CDE; SILJ,
2026-W23,2026-06-06,"Commercial Space Launch & Satellite Cadence (civil/commercial, distinct from defense Golden Dome)","Reusable medium-lift launch + small-sat/bus manufacturing + space-infrastructure value chain, funded by the reopening IPO window",completeness-critic (value-chain layer under-covered),early,closing,fundamental,2,tailwind,pass,decoupled-leader,HUNT,P1,strong,strong,strong,building,strong,building,strong,Record commercial launch cadence + constellation buildout drive recurring launch-as-a-service and satellite-bus demand; RKLB contracted backlog $2.2B (+108% YoY) converting to record revenue (+63.5% YoY); sector backlog >$500B. Reopening IPO window + ETF inflows fund the capital-hungry value-chain layer.,NEW (cold-start map),,RKLB; ASTS; PL; BKSY; RDW; LUNR,
2026-W23,2026-06-06,US Shipbuilding / Maritime Industrial Base Revival,"Autonomous/unmanned surface vessels (MUSV) + marine-systems/component small-caps; naval + commercial shipyard recapitalization, Jones Act fleet, submarine industrial base",completeness-critic (geography+policy omission),early,open,fundamental,2,tailwind,pass,sub-theme,HUNT,P3,strong,strong,building,building,building,strong,weak,"Funded policy/structural tailwind to rebuild a structurally atrophied US shipbuilding base. FIRM demand runs through ENACTED channels: FY2026 Defense Appropriations Act ($27.2B shipbuilding, signed into law) + OBBB reconciliation (~$29B maritime industrial base, enacted July 2025; incl. $4.6B 2nd FY26 Virginia, $2.1B MUSVs). Hard observable bottleneck: Virginia-class running ~1.1-1.3/yr vs 2/yr re",NEW (cold-start map),,HII; GD; MRCY; KTOS,
2026-W23,2026-06-06,Grid-Scale Energy Storage & Long-Duration Storage (LDES),"Utility-scale BESS integrators/developers + LDES (iron-air, thermal, flow) + storage-grade cell supply",completeness-critic (electrification value-chain layer omission),early,closing,fundamental,2,tailwind,pass,decoupled-leader,HUNT,P1,strong,strong,strong,building,strong,building,building,"Storage is the firming layer required to safely add AI/datacenter + intermittent load to a constrained grid — a distinct value-chain layer from generation/transformers. Operational evidence (EIA primary): battery storage = 24 GW / 28% of planned 2026 US capacity additions, 2nd-largest source, accelerating from record 15 GW in 2025. LBNL: ~890 GW of storage in interconnection queues (largest new-re",NEW (cold-start map),,EOSE; FLNC; NRGV; STEM; GWH; AMPX,
2026-W23,2026-06-06,"Western Uranium Enrichment / SWU Capacity Bottleneck (fuel-cycle, distinct from SMR/HALEU mining)",Domestic non-Russian LEU/HALEU separative-work capacity to fill the 2026-2028 supply cliff; early-innings angle in under-followed HALEU enrichers (ASP Isotopes / Quantum Leap Energy) vs the already-run LEU consensus vehicle,"completeness-critic (mis-bucketed fuel-cycle sub-theme, distinct value-chain layer from uranium mining/SMR)",early,closing,fundamental,2,tailwind,pass,decoupled-leader,HUNT,P2,strong,strong,building,building,strong,building,building,"Legislated, dated supply cliff: Prohibiting Russian Uranium Imports Act terminates all waivers Jan-1-2028 while the US enriches only ~4.9M SWU/yr vs ~15M SWU/yr requirement (~10M SWU/yr structural gap, much of it currently Russian-sourced). Backfilled by policy: $2.7B DOE LEU/HALEU enrichment program (appropriated, distributed Jan-5-2026 across Centrus/General Matter/Orano/GLE) plus a $900M Centru",NEW (cold-start map),,,
2026-W23,2026-06-07,Counter-Drone / Autonomous Warfare (C-UAS + attritable drones),C-UAS interception & net-capture hardware + DAWG attritable-drone/interceptor procurement (JIATF-401 conversion engine),cluster + top-down + leading-indicator,early,closing,fundamental,2,tailwind,pass,decoupled-leader + sub-theme,HUNT,P1,strong,strong,strong,building,strong,strong,building,"Funded government procurement converting to firm backlog/bookings/awards. Cheap FPV/Shahed-class drones killing multi-million-dollar assets triggered a procurement cycle now converting via firm cash IDIQs/POs. JIATF-401 is the conversion engine: Perennial Autonomy $500M C-UAS IDIQ (May 19, largest single C-UAS award to date; ~13,000 Merops interceptors at ~$15K vs $30-50K Shahed); Anduril $20B Lat",Structurally UNCHANGED but re-verified with fresh current data and STRENGTHENED at the margin vs the 2026-06-06 cold-start block. capital_momentum upgraded building->strong (Mach $300M Series C at $1.8B/4x-in-12mo for Dart C-UAS Jun 1; $14.6B defense-tech VC 2026 YTD vs $9.6B prior full-year record;,"adequate-to-strong on-list: PRZO + AIRO are clean Direct pure-plays; the rest of the on-list set is weak/derivative (GXAI) or mega-cap (AXON). Theme stays HUNT/P1 — gates clean (eligibility pass; floor 2 firm converting demand + committed capital; recognition closing but the cohort still DISCRIMINATES so the decoupled-leader escape applies, not closed-froth). Hunt the discriminated/converting micro tail (PRZO/AIRO), avoid the already-re-rated liquid headline names.",PRZO; AIRO; GXAI; AXON; ONDS; RCAT; DRO,PRZO; AIRO
2026-W23,2026-06-07,Golden Dome Missile Defense (layered shield + space-sensing/transport + proliferated-LEO launch),proliferated-LEO tracking/sensing + launch + interceptor/bus picks-and-shovels sub-layer (the contracted layer beneath the frothy interceptor narrative),top-down + leading-indicator,early,closing,fundamental,2,tailwind,pass,decoupled-leader + sub-theme (available but no clean on-list vehicle left to hunt),HOLD,none,strong,strong,weak,strong,strong,building,weak,"Funded ~$175B / ~$24.4B-FY26 megaproject converting into FIRM fixed-price prime awards now — but the cross-check proved the firm cash flows OFF-LIST/PRIVATE/MEGA-CAP, not to the on-list small-cap layer. Verified: Space Force SBST/SB-AMTI $4.16B space-sensing constellation award went to SpaceX (private), NOT the on-list launch/bus/sensor layer; the $3.2B space-based-interceptor framework went to 12",MATERIAL DOWNGRADE from HUNT to HOLD vs the 2026-06-06 cold-start block. The adversarial cross-check overturned the on-list-vehicle thesis: vehicle_quality building->WEAK and inflection_evidence building->WEAK. New conversion datapoints are real but undercut the small-cap layer — $4.16B SBST went to,"WEAK on-list. Theme is REAL with firm cash (verdict: survived-with-caveats, demand firm, recognition closing) but the vehicle layer is the binding weakness — firm dollars go private/mega-cap, on-list AMPX/AIRO are mis-attributed drone plays, ULBI has no award, and STI is a firewall-fail pump. DOWNGRADED to HOLD/none: stop hunting NEW on-list names here (a downgrade is never a sell). Liquid drone/space cohort already re-rated indiscriminately (ONDS/UMAC/RCAT LTM) — STAND-DOWN pressure on the cohort; decoupled-leader escape = RKLB off-list. Light vehicle note only.",BAH; AMPX; ULBI; STI; RKLB,
2026-W23,2026-06-07,US Shipbuilding / Maritime Industrial Base Revival,autonomous/unmanned MUSV + marine-systems small-caps — now anchored by the Navy MUSV Marketplace (May 22 7-company down-select); legacy naval/sub industrial base,completeness-critic + leading-indicator,early,open,fundamental,2,tailwind,pass,sub-theme,HOLD,none,strong,strong,building,building,strong,strong,weak,"Enacted, FIRM policy rebuilding an atrophied US shipbuilding base: FY2026 Defense Appropriations Act (signed) provides $27.2B for 17 ships + $1.5B Maritime Industrial Base (a $6.5B increase over request); Virginia-class running ~1.1-1.3/yr vs the 2/yr requirement (hard observable bottleneck). The mechanism SHARPENED this week from broad-approps to a dated competitive-procurement funnel: Navy MUSV ","DOWNGRADE from HUNT to HOLD vs the 2026-06-06 cold-start block — driven by the vehicle gate, not by the theme weakening. The mechanism actually SHARPENED (catalyst_density building->STRONG): Navy MUSV 7-company down-select (May 22) + Saronic Marauder launch + $300M Franklin expansion turn broad appr","WEAK / ABSENT on-list. Theme REAL with enacted firm funding (verdict: survived-with-caveats, demand firm, recognition open-because-empty); the MUSV sub-theme escape sharpened the mechanism (7-co down-select) but autonomous-layer demand_firmness is MIXED (conditional $15M trials payment, production eligibility only — fails the firm-FFP-cash bar). ZERO on-list pure-play — pure-plays are private (Saronic). HOLD/none: keep as benchmark watch, do not deploy; light vehicle note only. Watch for a listed maritime-autonomy IPO (Saronic a prime candidate) and any MUSV trial-to-production conversion.",HII; GD; MRCY; LDOS,
2026-W23,2026-06-07,Commercial Space Launch & Satellite Cadence,Reusable medium-lift launch (RKLB/FLY) + small-sat/bus manufacturing + D2D constellation (ASTS) + space-infrastructure picks-and-shovels (RDW); civil/commercial value chain funded by the reopening IPO window,completeness-critic (carried) + leading-indicator (this-session capital-flow + new listed launch vehicle FLY),early,closing,fundamental,2,tailwind,pass,"decoupled-leader (RKLB, category leader) + sub-theme (under-covered sat-bus/picks-and-shovels layer)",HUNT,P1,strong,strong,strong,building,strong,building,building,Recurring launch-as-a-service + constellation/sat-bus demand off record commercial launch cadence (a liftoff ~every 28h in 2025) CONVERTING contracted backlog to revenue: RKLB backlog $2.2B (+108% YoY) -> record revenue +63.5% YoY at 38.2% GAAP GM; FLY $1.3B backlog ~80% of 2026 booked -> Q1 rev +40% QoQ; ASTS proliferated-LEO D2D constellation deploying toward ~45 sats in 2026 under FCC commercia,"Held P1 HUNT but recognition hardened toward priced at the LIQUID benchmarks: the SpaceX IPO (~$1.75-2T, up to ~$75B, the largest ever) prices ~Jun 11-12 as a hard recognition-closing event with cohort-wide round-trip risk, and RKLB just round-tripped ~27% from its May-27 ATH ($151.00->$110.08 by Ju",strong,RKLB; FLY; ASTS; PL; RDW; BKSY; LUNR,
2026-W23,2026-06-07,In-Space Mobility / Last-Mile Orbital Servicing (OTV),"Post-launch orbital transfer vehicles (OTV / space tugs) + in-orbit delivery/servicing layer riding on cheap rideshare launch (Impulse Mira/Helios, Momentus Vigoride)","leading-indicator (Impulse $500M Series D mega-round) + bottom-up cluster (now has a LISTED proxy, MNTS)",early,open,mixed,4,headwind,monitor,none,STAND-DOWN,none,weak,building,weak,building,building,building,weak,"Post-launch payload mobility & in-orbit servicing — orbital transfer vehicles place sats in precise orbits and extend in-orbit operations as launch cheapens and constellations proliferate. Evidenced by Impulse $500M Series D @ $4.26B (>$1B total, Mira in orbit, Helios 2027), Sierra Space $550M/$8B, and Momentus Vigoride OTV milestone-based NASA/DoD contracts (~$10M 2026 rev guide, 9x YoY off a $1.","NEW sub-theme this session. The 2026-06-06 baseline surfaced this layer ONLY via Impulse's private $500M round and explicitly noted 'no clean US-listed small-cap pure-play yet.' This session surfaces a LISTED proxy — Momentus (MNTS) — partially filling the vehicle gap, but the cross-check verdict is",weak,MNTS; Impulse Space,
2026-W23,2026-06-07,AI Data-Center Power & Grid Bottleneck,Heavy electrical equipment (transformers/switchgear/GOES steel) + behind-the-meter / on-site generation gating ~$650-725B hyperscaler AI capex; open layer = small-cap switchgear/transformer pure-plays + BTM generation,"top-down, leading-indicator (equipment-as-bottleneck on hyperscaler capex)",mid,closing,fundamental,1,tailwind,pass,decoupled-leader,HUNT,P1,strong,strong,strong,building,building,building,building,Equipment (not capital) gates the AI buildout: ~30% power-transformer shortfall + 3-5yr lead times; >half of planned 2026 US DC projects may slip for lack of transformers/switchgear. Hyperscalers respond with behind-the-meter on-site generation (gas turbines/gensets) + pre-ordering years ahead; the next binding gate is grid INTERCONNECTION (36-84mo) now exceeding equipment lead time. Whoever suppl,"Recognition/mechanism INTENSIFIED, no new on-list vehicle. (+) >half of 2026 DC projects at delay-risk for equipment; interconnection (36-84mo) now exceeds equipment lead-time (30+mo) as the binding gate, fueling the BTM boom; Meitner (Jun-4) co-located >1GW DC + 3GWh BESS + on-site gas broke ground","Strong at the off-list top (POWL/GEV) but ZERO deployable on-list — the only on-list name (CNM) is a confirmed false match (waterworks). Recognition closing at mega-cap (GEV +71% YTD, institutions trimming); the still-early shot lives only in the off-list small-cap/BTM layer (POWL/PSIX/AZZ).",POWL; GEV; PSIX; AZZ; ATKR; CNM; NVTS,
2026-W23,2026-06-07,Data-Center Thermal Management / Liquid Cooling,Direct-to-chip + immersion cooling as the rack-density bottleneck; constraint migrating to CDU/coolant-distribution + heat-rejection at the facility envelope,"top-down, leading-indicator",mid,closing,fundamental,2,tailwind,pass,decoupled-leader,HUNT,P2,strong,strong,strong,building,building,building,building,"GPU rack power density (TDP >1000W) has exceeded air cooling, forcing direct-to-chip + immersion on every new high-density AI cluster; cooling spend is non-discretionary and tied ~1:1 to funded ~$500-650B hyperscaler capex (converting to realized revenue now, not extrapolated). NOTE this week: not universal — Google's Meitner DC opted for AIR cooling, a reminder the liquid mandate is rack-density-","Materially unchanged from 2026-06-06; verified current. Two small wrinkles: (1) VRT's May-conference backlog $12.45B is a sequential decline off $15.0B Q4-25 — noted as a watch, not a trend (FY guide reaffirmed); (2) Meitner (Jun-4) chose AIR cooling (Ogallala aquifer constraint) — a minor 'liquid i",Strong at the large/mid-cap top (VRT/MOD) but the theme has graduated past small-cap purity — NO pure small-cap proxy and ZERO deployable on-list vehicle this week (all best vehicles off-list).,VRT; MOD; AAON; SMCI; NVMI,
2026-W23,2026-06-07,Grid-Scale Energy Storage & LDES,Utility-scale BESS integrators/developers + LDES (zinc/iron-air/flow/thermal) + storage-grade non-lithium cell supply; storage as the firming layer for AI/DC + intermittent load,completeness-critic (electrification value-chain layer omission); top-down,early,closing,fundamental,2,tailwind,pass,decoupled-leader,HUNT,P3,strong,strong,strong,building,building,weak,weak,Storage is the firming layer the constrained grid MUST buy to safely add AI/datacenter + intermittent load — a distinct value-chain layer from generation/transformers. EIA: battery storage = 24 GW / 28% of planned 2026 US additions (2nd-largest source); ~890 GW queued. Base business firmly converting (FLNC ~85% of FY26 revenue already in $5.6B backlog). The specific AI-DC<->storage bridge driving ,"DOWNGRADED P1->P2 (still HUNT). Recognition ACCELERATING at the marquee, no new on-list vehicle, and the cross-check surfaced two understated caveats. (1) FLNC re-rated +39-44% (~Jun-1) on the Siemens+Nvidia three-way AI-DC collaboration (Vera Rubin NVL72 + 136 MW reference design) — clearest AI-DC<","REAL theme with the strongest demand floor of the three (EIA: storage 24 GW / 28% of 2026 US additions, ~890 GW queued; storage ITC survives OBBB to 2033) — but the small-cap cohort is bifurcated/RUIN-ADJACENT (EOSE negative equity, STEM/GWH distressed) and the marquee FLNC overshot on an ANNOUNCED-not-firm AI-DC hook. Proxy adequate at the integrator top (FLNC strong on purity / NRGV adequate), weak/ruin-flagged at the LDES-cell layer; ZERO deployable on-list (AMPX false match).",FLNC; EOSE; NRGV; STEM; GWH; AMPX,
2026-W23,2026-06-07,Nuclear Renaissance / SMR + HALEU Fuel + Hyperscaler PPAs,HALEU-enrichment fuel sub-bottleneck (Centrus as firm-cash decoupled leader; ASPI/QLE + NNE-via-LIS as earlier-innings fuel leverage) + existing-reactor operators (TLN/CEG/VST) as firm-PPA cash anchor; SMR developers (OKLO/NNE/SMR) de-risking on NRC milestones,top-down + leading-indicator (hyperscaler PPA signings + DOE HALEU deliveries/allocations + NRC milestone cadence),mid,closing,fundamental,2,tailwind,pass,decoupled-leader,HUNT,P2,strong,strong,building,strong,strong,building,building,"Big-tech AI power demand pulling nuclear via firm long-dated PPAs converting through existing-reactor operators NOW, gated upstream by a structurally scarce domestic HALEU enrichment bottleneck DOE is funding ($2.7B Jan-2026 task orders incl. $900M Centrus). TD check: TD-1 NOT firing (DOE funding, NRC cadence, PPAs all advancing); TD-2 NOT firing (regulatory news is de-risking, not disqualifying);","vs 2026-06-06 (cold-start baseline, prior 'NEW'): mechanism UNCHANGED and intact; net HOLD-STEADY at P2 HUNT with capital-momentum COOLING flagged. Genuinely-new this period = two MINOR positives, both off-list benchmarks: Oklo PDC NRC approval + Nano KRONOS CPA accepted (May-2026). SMR/PPA operator","STRONG at the benchmark level (LEU and TLN are clean, firm-cash, Direct proxies), but ZERO playable on-list this week — the whole vehicle set is off the 57. Effective deployable proxy quality = NONE. The clean firm-cash leg is mid/large-cap (benchmark) and the only small-caps (ASPI/NNE/OKLO) are pre-commercial; ASPI degrades to weak on the dilution + announced-only firewall.",LEU; TLN; ASPI; OKLO; NNE; SMR,
2026-W23,2026-06-07,Western Uranium Enrichment / SWU Capacity Bottleneck,"Domestic SWU capacity FIDs (Urenco USA NM, utility-backed) + HALEU/LEU+ enricher early channel (ASPI/QLE) vs the already-run, recognition-closing category-leader LEU",policy-capex + leading-indicator (legislated 2028 cliff + capacity FIDs converting + DOE program),early,closing,fundamental,2,tailwind,pass,decoupled-leader + sub-theme (genuinely-early edge in pre-commercial enricher channel ASPI/QLE vs run-up category-leader LEU),HUNT,P2,strong,strong,building,building,strong,building,building,"Legislated, dated supply cliff (Prohibiting Russian Uranium Imports Act terminates all waivers Jan-1-2028) vs a ~10M SWU/yr structural Western gap, now being met by contracted Western buildout (Urenco USA +2.1M SWU FID, utility-offtake-backed) + the $2.7B DOE enrichment program + Centrus' converting backlog — verified FIRM by the adversarial crosscheck (is_theme_real=true, demand_firmness=firm). T","vs 2026-06-06 (cold-start baseline, prior 'NEW'): demand STRONGER, recognition TIGHTER, a fresh durability caveat — stays P2 HUNT but leaning more selective. MATERIAL POSITIVE: Urenco USA NM expansion FIDed this week (+2.1M SWU ~50%, utility-contract-backed) — converts the legislated-cliff thesis fr","Theme is REAL with FIRM demand (legislated Jan-1-2028 Russian-LEU ban vs ~10M SWU/yr gap; Urenco utility-backed FID this week) but NOT PLAYABLE: the best new-capacity entity (Urenco USA) is uninvestable, the only liquid pure-play (LEU) is a recognition-closing benchmark, and the only listed small-cap (ASPI) is pre-commercial + dilution-flagged. ZERO on-list, ZERO actionable.",LEU; ASPI,
2026-W23,2026-06-07,Nuclear Fusion Power (distinct from fission/SMR/HALEU),Magnetic/inertial-confinement fusion developers (Helion/TAE/Focused Energy/Thea) + first hyperscaler fusion PPAs; public-equity access pending via the TAE/TMTG merger,top-down leading-indicator (private capital inflection + DOE Office of Fusion) + narrative crystallization (first public-vehicle path via TAE/TMTG; hyperscaler-PPA endorsement),early,open,sentiment,5,headwind,monitor,none,AVOID,none,weak,strong,building,weak,building,building,weak,"Real private-capital inflection + DOE policy underwriting + a first hyperscaler PPA (Microsoft-Helion/Orion, first power targeted 2028), but commercial demand to public equity is ANNOUNCED-ONLY and pre-revenue — no firm near-term conversion mechanism and no clean public vehicle yet. Too early for a TD read (mechanism real, no inflection-to-revenue; Too-Early shape). Per HARD RULE 4 the absence of ",NEW this week (not in the 2026-06-06 map). Surfaced via topdown leading-indicator (private-capital inflection + DOE policy underwriting) + narrative crystallization (TAE/TMTG public-vehicle path; hyperscaler-PPA endorsement). Recall-mode surface only — logged as MONITOR for next week's discovery fee,"NONE / weak — no investable public pure-play exists; all credible developers private; pre-commercial with no grid power within ~12 years. AVOID (floor 5): no hunting, kept on the map at the lowest tier as a watch-only benchmark. Per the spine, a downgrade/AVOID STOPS hunting new names here — it is never a sell.",CFS,
2026-W23,2026-06-07,Domestic Uranium Conversion / Deconversion + LEU+ (5-10% enrichment) sub-bottleneck,The conversion (UF6) + deconversion + LEU+ layer BELOW HALEU — a distinct fuel-cycle choke point separate from SWU/HALEU enrichment proper (Metropolis lone US plant; no Western deconversion facility ready),bottleneck-migration (ASPI/QLE filings explicitly target conversion/deconversion + LEU+ as distinct offerings),early,open,fundamental,3,tailwind,monitor,sub-theme (finer-granularity bottleneck-migration escape from Western Enrichment — conversion/deconversion + LEU+ as a distinct value-chain layer below SWU/HALEU),HOLD,none,building,building,weak,building,building,building,weak,"The Western fuel cycle is gated not only at enrichment (SWU/HALEU) but at conversion/deconversion and the emerging LEU+ (5-10% assay) tier advanced LWRs and some SMRs need — Western capacity is even thinner here (Metropolis the lone US conversion plant). Real structural mechanism with rising policy capital, but demand is ANNOUNCED-ONLY in public equity (only proxy ASPI/QLE is MOU/services-stage, n",NEW this week (finer-granularity bottleneck-migration escape from the Western Enrichment theme; not in the 2026-06-06 map). Surfaced because ASPI/QLE 10-K/8-K language explicitly bundles conversion + deconversion + LEU+ as distinct planned offerings — a sub-layer the baseline folded into 'enrichment,"Real structural choke point but demand is ANNOUNCED-ONLY and not public-equity-accessible: all firm conversion demand (Metropolis $2B backlog) is private (Solstice) or diversified (Cameco/Orano); the only public proxy (ASPI/QLE) is MOU-stage + dilution-flagged. Recognition 'open' is largely a function of un-investability, not an un-noticed firm-demand wave. HOLD/monitor (recall-mode KEEP), NOT a HUNT. Zero on-list, zero actionable.",ASPI,
2026-W23,2026-06-07,Rare Earths & Critical Minerals Onshoring (DoD price floors + funded policy),"Heavy-REE / NdPr-magnet second-tier value chain de-risked by US government cash, the DoD $110/kg NdPr contract-for-difference floor and offtake (USAR/UAMY/UUUU/CRML pure-plays; MP = priced anchor-to-avoid). Bottleneck migrating mine/oxide -> metal-and-magnet conversion -> qualified domestic feedstock/recycling.","top-down, leading-indicator (DoD price-floor / funded-policy signal preceding broad equity recognition of the second-tier chain)",early,closing,fundamental,3,tailwind,pass,decoupled-leader,HUNT,P2,strong,building,strong,building,strong,building,building,"US government-engineered demand: DoD 10-yr $110/kg NdPr contract-for-difference floor (~2x market; DoD pays the shortfall vs MP's realized price, even on stockpiled material; 30% upside-share above floor) + $400M MP preferred equity (DoD ~15% holder) + $150M loan + funded '10X' magnet campus; MP-Apple $500M definitive recycled-magnet offtake (shipments 2027). Periphery funded via Commerce/CHIPS (U","HUNT/P2 + decoupled-leader escape + ZERO on-list vehicles UNCHANGED vs 2026-06-06. Floor refined 2->3 (clearer reading of a genuine funded mechanism + rising capital this session, still capped below 4-5 by the firmness asymmetry). Three concrete moves since the anchor: (1) China Northern Rare Earth ","Benchmark-grade only this week — ZERO on-list vehicles for the second straight read; the entire purest set (USAR/UAMY/UUUU/CRML/MP/REMX) is off-list. Strong on USAR + MP (MP as direction-anchor-to-avoid), adequate on UAMY (downgraded on the firmness gap) + UUUU, weak on CRML. The binding firm/funded demand concentrates on MP (priced) + Apple's offtake; the purest small-caps the thesis WANTS (USAR/UAMY) lack the price floor and have unconverted near-term demand — selection risk if a benchmark re-rate is mistaken for a constituent buy.",USAR; UAMY; MP; UUUU; CRML,
2026-W23,2026-06-07,High-Energy-Density Silicon-Anode & NDAA-Compliant Advanced Cells (drone/eVTOL/defense/space power),"Silicon-anode / next-gen lithium cells where Wh/kg is the binding constraint for UAS endurance, eVTOL range and LEO/space power; NDAA-compliant domestic capacity contracted ahead of revenue. Bottleneck migrating cell-chemistry -> NDAA-compliant domestic manufacturing CAPACITY -> upstream silicon-anode materials/feedstock.","cluster, leading-indicator",early,closing,fundamental,3,tailwind,pass,decoupled-leader,HUNT,P2,strong,building,strong,strong,building,strong,building,"Wh/kg energy density is the hard physical bottleneck for UAS endurance, eVTOL range and LEO/satellite power; defense/drone/aero OEMs design silicon-anode cells in via firm POs + contract-mfg capacity, pulled by a funded, dated NDAA domestic-sourcing mandate (new programs 2028, standard batteries 2029, FCC carve-out expiry Jan-2027) creating mandated domestic demand ahead of supply. Verified firm p","HUNT/P3 + mechanism + three on-list vehicles (AMPX strong/Direct, STI weak/R&D, ULBI weak/adjacent) + decoupled-leader escape UNCHANGED vs 2026-06-06. Floor refined 2->3. Two scoring moves: (1) capital_momentum BUILDING->STRONG on an INTENSIFYING new-entrant cluster (Factorial, 1414 Degrees SiNTL, S","One clean on-list pure-play (AMPX, strong/Direct — verified firm-FFP customer pull + converting revenue, fast-tracked). The other two on-list names are benchmark-quality only: STI (R&D/weak, confirmed narrative-only spike — recall-catch, not a buy) and ULBI (Adjacent/weak, legacy chemistry). Off-list ENVX (adequate, consumer-first) is the deeper-liquidity benchmark. Two NEW sub-lanes broke out this week — (a) Antimony & non-REE funded-policy (UAMY, announced-only, weakest of the group) and (b) NDAA-compliant domestic CELL-CAPACITY (the migrating bottleneck below chemistry) — but the firmest capacity vehicles (Packet Digital/Badland, 6K Energy, CRG, Nanotech) are PRIVATE, so no clean on-list capacity pure-play yet (SES pre-qualification, UMAC headline-driven drone-components are weak fits).",AMPX; STI; ULBI; ENVX; SLDP,AMPX
2026-W23,2026-06-07,Next-Gen Obesity / Metabolic Therapeutics,"Oral and multi-pathway GLP-1 successors (amylin combos, dual agonists)","top-down, leading-indicator",mid,open,fundamental,2,headwind,pass,decoupled-leader,HUNT,P3,strong,strong,building,strong,strong,building,building,"Structurally expanding obesity-drug market (~$10.1B 2026 -> ~$66.6B 2035, ~23% CAGR; 193+ pipeline assets). Real converting demand: Wegovy/Zepbound/Foundayo shipping at scale; injectable supply/convenience ceilings drive the oral/amylin race. Firm rising capital is in M&A (Pfizer-Metsera ~$10B, Nov-2025) running AHEAD of small-cap clinical revenue, so the takeout premium is the near-term re-rate v","UNCHANGED priority (HUNT P3), floor 2, recognition open. Modest catalyst-density / inflection FIRMING: VKTX VANQUISH-2 Ph3 enrollment COMPLETE and oral VK2735 Ph3 confirmed for 3Q26 (ECO-2026 13wk data May) — a small de-risk on the lead off-list benchmark. No new small-cap takeout bid in early June ","building — Direct pure-plays (VKTX/GPCR, strong) are off-list; the sole on-list vehicle VERU is an adequate Adjacent SARM combo, not a pure incretin. The amylin sub-wave has NO clean on-list pure-play (vehicle-poverty), so the theme's purest economics remain off-list / benchmark-only this week.",VKTX; GPCR; VERU; ALT; TERN; NVO,VERU
2026-W23,2026-06-07,GLP-1 Muscle-Preservation Adjuncts,Muscle-sparing adjuncts (myostatin antibodies / SARM) dosed alongside GLP-1s to preserve lean mass and break the weight-loss plateau,cluster,early,open,sentiment,3,neutral,pass,none,HUNT,P3,building,strong,building,building,strong,building,building,GLP-1 obesity drugs cause clinically documented lean-muscle loss; 'quality of weight loss' is an FDA-acknowledged gap (incremental-weight-loss endpoint accepted). Small-caps develop muscle-preserving adjuncts (VERU enobosarm/SARM; IBIO-600 anti-myostatin Ab) dosed WITH GLP-1s. Who-pays = obesity-drug makers + payers wanting better body-composition outcomes on the largest pharma TAM of the decade. ,"UNCHANGED priority (HUNT P3), floor 3, recognition open. IBIO Ph1 first-dose (Jun-2) confirmed as the carried catalyst; NO new efficacy event since. VERU PLATEAU timeline unchanged (interim early-2027 / topline 4Q-2027). Off-list benchmark SRRK slightly STRENGTHENED on survival (SMA BLA resubmission","strong but binary/early — two clean Direct on-list pure-plays (VERU, IBIO) plus a strong de-risked off-list benchmark (SRRK). The catch: both deployable names are pre-efficacy binary micro-caps (VERU PLATEAU topline 4Q-2027, IBIO Ph1 SAD), narrative-fuelled (floor 3), and survival/dilution-fragile — proxy purity is high, proxy DE-RISKING is low.",VERU; IBIO; SRRK,VERU; IBIO
2026-W23,2026-06-07,Next-Gen / Long-Duration Glucose Monitoring & Diabetes Tech,Year-long implantable CGM (Eversense 365) + AID integration & commercial-control reversion vs 10-15 day disposable incumbents,"cluster, leading-indicator",mid,open,fundamental,2,neutral,pass,none,HUNT,P3,strong,building,strong,building,strong,building,building,"CGM shifting from short-life disposables (Abbott/Dexcom/Medtronic ~98% share) toward longer-duration/implantable form factors + automated-insulin-delivery (AID) integration. SENS commercialised Eversense 365 (world-first one-year implantable CGM), retook US commercial/distribution control from Ascensia eff. Jan-1-2026 (revenue-share eliminated -> per-unit revenue + gross-margin uplift), integrated","UNCHANGED priority (HUNT P3), floor 2, recognition open, with CONFIRMING refresh: SENS Q1 metrics verified (+85% YoY / $11.7M / 58% GM) and FY26 guide RAISED to $60-64M; ADA Jun-6 RWE oral presentation DELIVERED (sustained one-year performance) — carried inflection holds and firms. Issuance-into-wea","adequate-to-strong — SENS is a strong Direct pure-play with a verified in-the-numbers inflection (the standout deployable vehicle of the three G6 themes), backstopped by an R&D-stage TRIB (adequate, pre-revenue binary). Off-list benchmarks (TNDM/DXCM) are weak proxies. The binding risk is survival/dilution (SENS balance-sheet fragility, TRIB going-concern), a buy-side filter for Tier 2 — not theme death.",SENS; TRIB; TNDM; DXCM,SENS; TRIB
2026-W23,2026-06-07,Fault-Tolerant Quantum Computing (Logical-Qubit Inflection),Logical-qubit / error-correction milestones on-roadmap + CHIPS ~$2.01B equity-stake/LOI government pull; new mega-scale listed pure-play QNT (Quantinuum IPO Jun-4) reshaping the vehicle landscape,top-down leading-indicator (carried theme),early,closing,sentiment,3,tailwind,pass,decoupled-leader,HUNT,P3,building,strong,building,building,strong,strong,building,"On-roadmap logical-qubit / QEC milestones hitting (Quantinuum 94/48 protected logical qubits Mar-2026; Microsoft Majorana 2 Jun-2 at Build, ~1,000x reliability claim, 20s-1min qubit lifetimes, commercial timeline pulled to 2029) drive rising government + private capital. Government PULL = U.S. Dept of Commerce ~$2.013B CHIPS program: signed LETTERS OF INTENT (not yet final binding awards) across 9","Recognition MATURED vs 2026-06-06 (was 'closing', now closing/nearing-closed, volatile): on the QNT debut Jun-4 the cohort briefly ran TOGETHER (IonQ +10%, QBTS +25%, RGTI +24%, QUBT +14% intraday) — the dispersion-collapse 'story-names-with-leader' condition the baseline said was ABSENT briefly app","Building/capped — clean pure-plays exist but ALL off-list; the binding constraints are (a) zero on-list deployable vehicles, (b) the leaders fail the <$25 universe filter, and (c) extreme valuations (P/S IONQ ~109, RGTI ~836, QBTS ~791). Recognition is CLOSING and per the adversarial verdict 'nearing-closed/volatile' after the QNT-debut cohort-ran-together-then-coordinated-selloff froth flicker; TD-5 crowding WATCH firing (~$931M net insider selling since mid-May). Decoupled-leader escape keeps the theme HUNT/P3, but there is nothing to fast-track this week.",IONQ; RGTI; QBTS; QNT; IBM; QUBT; ARQQ,
2026-W23,2026-06-07,Humanoid Robotics / Physical AI Supply Chain,Actuator / harmonic-reducer component bottleneck (pick-and-shovel); finer rare-earth-magnet + force/torque-sensor sub-layer noted as an alternate vehicle path,top-down leading-indicator (carried theme),early,open,sentiment,3,tailwind,pass,sub-theme,HUNT,P3,building,strong,building,strong,building,building,weak,"Physical-AI component bottleneck converting at the actuator/harmonic-reducer layer: Tesla/Musk ~$685M Sanhua actuator order (Oct-2025, deliveries Q1-2026, read as Optimus V3 design finalized); Harmonic Drive Systems booking large humanoid orders with rising US-client visibility; Green Harmonic Suzhou plant (500k-unit capacity) into production 2026; Chinese suppliers hold ~70% of Tesla's robot supp","ESSENTIALLY UNCHANGED vs 2026-06-06 (verified against current Jun-2026 sources). Recognition held/slightly upgraded to OPEN: Humanoid-100 still ~+25% since Feb-2025 (same as baseline) = broad-but-modest, NOT vertical froth; Morgan Stanley STILL frames the phase as 'precursor to greater differentiati","WEAK — explicitly the binding constraint. Genuine pure-plays are Japan/China-listed or large-cap; there is ZERO US-listed small-cap pure-play and ZERO on-list match in this week's 57 signals (the pack states this twice). The sub-theme escape keeps it HUNT/P3 on a strong/durable thesis, but it is vehicle-poor (the OPPOSITE of a saturated trade — TD-4 does NOT fire). Nothing to fast-track. The finer magnet/sensor escape was surfaced precisely so a (future) recognized actuator name doesn't crowd out a less-priced adjacent layer; the magnet leg may inherit a vehicle via G5 Rare-Earths.",Harmonic Drive Systems; Sanhua; Nabtesco; USAR; KROP,
2026-W23,2026-06-07,Agentic Enterprise Software Re-Rate (orchestration/process-automation platforms monetizing AI agents),"Public enterprise-software platforms (process automation / media supply chain) monetizing AI-agent attach into ARR; APPN the on-list converting proxy, CNVS the true-small-cap (loose) proxy",VC-funding,early,closing,mixed,2,tailwind,pass,sub-theme,HUNT,P2,strong,strong,building,building,building,strong,building,"Beaten-down enterprise-software platforms re-rate as AI-agent attach converts to bookings/ARR + pricing power. Demand is firm and rising: Gartner AI-agent software spend $206.5B 2026 -> $376.3B 2027 (+82% single-year), ~40% of enterprise apps to feature task-specific agents by end-2026 (from <5%); private agentic capital $2.66B +144% YoY. Realized at the on-list proxy: APPN converting ~40% AI-tier","NEW theme this week (was absent 2026-06-06). Splits the prior Tier-1 'AI-platform re-rate' new-cluster feed (CNVS/APPN/RXRX) into its genuine fundable half: agentic-enterprise-software SURVIVED the adversarial cross-check as a real theme with firm demand + rising capital (is_theme_real=true, demand_","Adequate. One strong on-list converter (APPN, real ARR conversion) anchors the only HUNT theme in the group; the rest of the on-list set (CNVS) is agentic-washing-prone and the marquee demand is leaking to private leaders (Sierra/Harness), so listed-equity vehicle scarcity is the binding constraint.",APPN; CNVS; PEGA; PATH,APPN; CNVS
2026-W23,2026-06-07,AI Memory Supercycle (HBM / DRAM),"AI-memory slice mis-bucketed in a 'mature' market; bottleneck migrating to advanced packaging (CoWoS/TSV/OSAT) — AMKR mid-cap closest non-mega-cap rung, no clean small-cap, none on-list",leading-indicator,mid,closing,fundamental,1,neutral,pass,decoupled-leader,HOLD,none,strong,strong,strong,building,strong,building,weak,"AI-driven HBM/DRAM/NAND acute supply squeeze: top-3 makers reallocated wafers to HBM (~3x wafer/GB vs DDR5), leaving commodity DRAM critically short; SK Hynix sold out through 2026, hyperscaler/Nvidia LTAs lock capacity, realized contract-price escalation (DRAM +90% Q1-26) is committed cash already in P&L. No TD trigger firing (TD-3 NO — capital still flooding in; TD-1 NO — AI demand structural).","INTENSIFIED, conclusion unchanged (was HOLD). New current-data: DRAM +90% Q1-26 confirmed and Gartner models ~130% DRAM+SSD surge by end-2026 (vs baseline +70%) — squeeze hardening, price-confirmed, persisting 2027-2030. Bottleneck migrating to advanced packaging (CoWoS oversubscribed through 2027; ","Strong on the off-list set (WDC/MU/SNDK), but ZERO on-list vehicles — entire chain is benchmark-only. HOLD: recognition now priced in the leaders, so the live edge is the adjacent durability-recognition gap (WDC) and the next-bottleneck migration (advanced packaging), not the parabolic core.",WDC; MU; SNDK; AMKR; SMH,
2026-W23,2026-06-07,AI Advanced-Packaging / OSAT Bottleneck (CoWoS / 2.5D HBM assembly & test),"Advanced-packaging/OSAT (CoWoS, 2.5D HBM assembly+test) as the binding post-memory AI bottleneck; AMKR mid-cap closest US vehicle, no clean small-cap, none on-list",bottleneck-migration,mid,closing,fundamental,1,neutral,pass,sub-theme,HOLD,none,strong,strong,strong,building,building,building,weak,"The AI bottleneck migrating GPUs->power->memory->PACKAGING: advanced packaging (CoWoS/2.5D) to connect logic dies to HBM is the single tightest part of the AI semi stack. Non-discretionary, capacity-gated: CoWoS sold out through 2027, OSAT (ASE/Amkor) advanced-packaging sales doubling 2026, NVIDIA reserving majority capacity, SK Hynix $3.9B first US 2.5D plant. No TD trigger (capacity-gated demand","NEW sub-theme this week (absent 2026-06-06), surfaced by the AI-memory bottleneck-migration prompt. Adversarial: is_theme_real=true, demand_firmness=firm, recognition=priced — survived-with-caveats as a real, live demand sub-LAYER worth keeping on the map (escape from AI Memory), pending an on-list ","Strong-but-PRICED and off-list. Real, firm bottleneck but the clean beneficiaries are mega/large-cap (AMKR/ASX/TSM) with recognition closed and TD-4 superior-liquid-proxy risk — no on-list small-cap pure-play, so there is no V9 buy. Survives as a real demand sub-layer (escape from AI Memory) pending an on-list small-cap vehicle.",AMKR; ASX; ONTO; TSM,
2026-W23,2026-06-07,Cybersecurity for the AI/Agentic Era,"Post-quantum cryptography (PQC) migration + agentic-threat defense; binding demand is federal/contractor PQC migration SERVICES (BAH-shape), software pure-plays off-list",top-down,mid,closing,fundamental,2,neutral,pass,sub-theme,HOLD,none,strong,building,building,strong,strong,building,weak,"Non-discretionary, policy-reinforced security spend: hard-dated federal PQC mandates (NSM-10 ~Apr-2026; contractor PQC readiness by Jan-4-2027 or exclusion) atop ~$244B infosec, plus agentic-threat defense as a named growth driver. No TD trigger (TD-2 opposite — regulation is the demand engine, mandates hardening; TD-3 NO — capital accelerating). HOLD is vehicle-quality WEAK.","Largely unchanged, mechanism reinforced (was HOLD). New current-data: Trump Cyber Strategy (Mar-6-2026) explicitly elevates PQC to strategic-infrastructure priority + CISA federal buying guidance live — further hardening binding demand. BAH flagged on-list again. SEALSQ/LAES still drifting from PQC ","Adequate. One deployable on-list vehicle (BAH, adequate — the hard-dated federal PQC services flow) plus a weak pre-scale adjacency (AUID); the strong software pure-plays (S/TENB/OKTA/CRWD) are all off-list. HOLD: recognition closing as the PQC/agentic narrative is well-known; the live edge is the binding SERVICES cash, not the discretionary tool budget.",BAH; AUID; S; TENB; PANW,BAH; AUID
2026-W23,2026-06-07,"Stablecoins, Tokenization & On-Chain Dollar Rails (GENIUS Act)",GENIUS-Act regulatory unlock funneling demand into compliant payment-stablecoin issuers + tokenized deposits; final-rule window Jun-9 comment close -> Jul-18 finalize,top-down,mid,closing,fundamental,2,neutral,pass,decoupled-leader,HOLD,none,strong,strong,strong,building,strong,building,weak,"GENIUS Act (enacted Jul-2025) creates a regulated pathway for banks/fintechs to issue/custody fully-reserved stablecoins; realized via Treasury-yield reserve income on 100%-reserved float + tokenized-deposit/RWA settlement volume; implementing rulemaking funded and in its dated comment->finalization window. No TD trigger (TD-2 watch-only — CLARITY-Act yield-ban a tail risk, not enacted; TD-3 NO — ","On-schedule, unchanged (was HOLD). New current-data verifies the dated catalyst window is live NOW: FinCEN/OFAC AML + FDIC comment periods close Jun-9-2026, state-equivalence closed Jun-2, finalization on track Jul-18-2026. No new on-list small-cap pure-play; EBON remains a FALSE match. All real veh","Strong on off-list issuers (SOFI/CRCL) but ZERO actionable on-list — all real vehicles are off-list benchmarks, and the only on-list name (EBON) is a verified false match (solar pivot). HOLD: GENIUS rulemaking finalizing (comment close ~Jun-9 → finalize ~Jul-18), recognition closing.",SOFI; CRCL; COIN; GLXY; EBON,
2026-W23,2026-06-07,Blood-Based Alzheimer's / Neuro Diagnostics,Plasma p-Tau217 + multi-analyte algorithmic blood tests displacing PET/CSF for AD triage (QTRX LucentAD); 510(k) decision H2-2026 still open,leading-indicator,early,closing,fundamental,2,neutral,pass,decoupled-leader,HOLD,none,building,building,building,building,strong,weak,building,Anti-amyloid therapy approvals (Leqembi/Kisunla) created funded clinical need for cheap scalable blood-based triage; reimbursement-and-regulatory-funded adoption (CMS $897 LucentAD Complete; QTRX Breakthrough + multi-analyte 510(k); Tempus distribution live; dx-partner rev +81% YoY off a tiny base). No TD trigger (TD-4 partial structural pressure only; TD-3 capital weak not reversing). HOLD on cap,"No material change (was HOLD). New current-data confirms QTRX 510(k) (submitted Feb-3-2026) still PENDING — the H2-2026 catalyst remains genuinely open, not resolved. QTRX again on this week's list. Category remains 13+ months post-first-clearance with QTRX a follower (capital-momentum WEAK). Stays ",Strong but single-name. One clean on-list Direct vehicle (QTRX) that effectively IS the small-cap theme; all others are weak benchmarks/comps with no AD revenue or no US listing. HOLD: recognition closing as the blood-test-replaces-PET thesis is known; the 510(k) decision (H2-2026) is the live catalyst.,QTRX; FNA; LH; NTRA,QTRX
2026-W23,2026-06-07,Cancer Immunotherapy / KRAS Vaccine Catalyst Cohort,"ELTX single-name blinded Ph2 DFS mKRAS pancreatic-vaccine binary (AMPLIFY-7P) — imminent mid-2026, sell-side + price front-ran the print, milestone slipped Q4-25->mid-26; cohort label invalid",leading-indicator,early,open,sentiment,5,headwind,fail,decoupled-leader,AVOID,none,weak,building,weak,building,strong,weak,building,"NO theme demand mechanism — a funded single-name biotech binary: ELTX AMPLIFY-7P (NCT05726864) blinded Ph2 DFS mKRAS PDAC readout, imminent mid-2026. 'Demand' = an efficacy endpoint, not contracted revenue. The named cohort is mechanistically invalid (TD-5-style false-basket); BTAI carries a firewall going-concern ruin flag (DO NOT BUY). Theme fails eligibility GATE 1.","DOWNGRADED HOLD -> AVOID (as a theme). The adversarial cross-check refuted the cohort framing (is_theme_real=false, demand_firmness=announced-only) and surfaced a milestone SLIP (Q4-2025 -> mid-2026 vs originally-stated date — a soft fake-inflection/credibility tell) plus a $400M dilution overhang. ","AVOID theme — the 'cohort' is mechanistically invalid (false basket), recognition open, floor 5. One real single-name (ELTX) survives as a standalone funded binary (announced-only efficacy 'demand', milestone slipped); BTAI is firewall ruin (exclude); RXRX/PACB/QTRX are peripheral comps. No theme-level fast-track; ELTX routes individually as an event-binary.",ELTX; RXRX; PACB; BTAI,ELTX
2026-W23,2026-06-07,Genomics & Life-Science Research Tools (long-read sequencing + sample infra),"Long-read/HiFi sequencing + sample/biomarker infra; capital RECEDING (NIH impairment), inflection = contraction — monitor mean-reversion only",cluster,early,open,sentiment,4,headwind,monitor,decoupled-leader,AVOID,none,weak,building,weak,building,building,weak,building,"Research/clinical sequencing + biomarker workflows (long-read HiFi, cold-chain sample mgmt, ultra-sensitive assays). Demand real but capex-sensitive and impaired by depressed NIH-biopharma tools funding; no firm fixed-price cash contract anchored. TD-3 (capital-flow reversal) ACTIVELY FIRING and persisting — precisely why AVOID.","AVOID confirmed (was AVOID). New current-data: PACB Q1 rev FLAT YoY, still cutting spend over NIH-funding uncertainty + tariffs, explicitly 'no recovery assumed in 2026 outlook'; AZTA defensive tuck-in M&A not organic recovery. TD-3 still firing and has NOT abated; cohort dominant read remains CONTR","AVOID theme (recognition open, floor 4) — capital RECEDING, inflection is a contraction. On-list names (PACB/AZTA/QTRX) are present but NOT real theme-flow vehicles; at most mean-reversion candidates. No fast-track. flagged_this_week empty by design — the theme has no buyable demand wave.",PACB; AZTA; TWST; QTRX,
2026-W23,2026-06-07,Housing & Building-Products Recovery (repair/remodel + new-build supply chain),"Commercial/multifamily glass + infra-water (TGLS decoupled-leader, CNM, SKYX) carved out of a rate-gated residential cluster; rate catalyst slipping further out",cluster,mid,closing,sentiment,3,headwind,pass,decoupled-leader,HOLD,none,building,building,weak,weak,weak,weak,building,"Bifurcated: stated unifier = anticipated rate relief reviving housing/R&R (but mortgage ~6.48% forecast >6% all 2026 — residential in contraction, NO rate catalyst). Genuine converting demand concentrated in rate-DECOUPLED rungs: TGLS commercial/multifamily glass ($1.36B firm backlog), CNM municipal water, SKYX committed shelf. No TD trigger (residential headwind is rate-gated timing, not mechanis","Modestly WORSE for the rate-relief thesis (was HOLD). The regime delta is the material change: the easing inflection slipped AWAY from a turn (hot May jobs +172K drove ~70% hike-by-EOY odds, 10y to 4.54%) — the rate catalyst the residential leg waits for is further off than on 2026-06-06. Reinforces","Strong only where demand is rate-DECOUPLED (TGLS commercial-glass backlog, CNM municipal water), weak/adjacent as exposure shifts to contracting residential (BXC/FBIN/AMWD/FND/HOV). All 8 candidates are on this week's list — the decision is WHICH rung to deploy, not whether a name flagged. HOLD: recognition closing on the decoupled-leader story; rate catalyst slipping further out.",TGLS; CNM; SKYX; AMWD; BXC,TGLS; CNM; SKYX
2026-W23,2026-06-07,Auto-Supplier Margin Restructuring / Recovery,Multi-year self-help cost-out at legacy parts suppliers inflecting to margin expansion (STRT/CPS pure-plays) vs a negative volume cycle,cluster,mid,open,fundamental,4,headwind,pass,none,HOLD,none,building,weak,building,weak,building,weak,building,"Internal cost-out + portfolio simplification converting to earnings recovery off a depressed base (margin self-help: STRT/CPS/DAN) — a cyclical/idiosyncratic margin-recovery basket, NOT rising secular end-demand (flat-to-declining ~91.8M-unit production). TD-3 ambient pressure (capital cheap because cycle deteriorating). Watch a >1 guidance cut in a fiscal year (firewall fake-inflection flag). HOL","No material change (was HOLD; verified no new earnings this week for STRT/CPS/APTV). Remains a cyclical value-turnaround basket that must out-run a negative cycle (tariffs ~$3,600/car + IRA rollback feeding an analyst-forecast auto-parts bankruptcy wave). Regime read marked headwind this week — the ","Strong on the small-cap Direct pure-plays (STRT/CPS) — both on-list and deployable; APTV on-list but weak (mega-cap mix). DAN/DCH strong/adequate but off-list. HOLD with open recognition (floor 4): the margin inflection is real but unproven on a flat-to-down volume line, so Tier 2 must test baseline durability.",STRT; CPS; APTV; DAN; DCH,STRT; CPS
2026-W23,2026-06-07,Macau / Integrated-Resort Gaming Recovery,"Macau GGR recovery + committed concession capex; late/closing, decelerating, large-cap consensus (MLCO purest ~100% Macau)",cluster,late,closing,fundamental,3,neutral,pass,none,HOLD,none,strong,weak,building,weak,building,weak,weak,"Recovering Asian gaming/visitation converting to reported earnings (MLCO/Wynn Macau) PLUS contractually-mandated concession capex (~$14.8-19.3B six-operator). Demand firm and converting but DECELERATING; operators capping capex to concession minimums on compressing ROI. No TD trigger (TD-3 partial/ambient — capex plateauing is maturity, not reversal). HOLD on late-stage + weak growth/capital + lar","Slightly firmer fundamentals, same conclusion (was HOLD). New current-data: May-2026 GGR +6.7% YoY (beat), YTD +10.9%, CBRE now +8.3% FY2026 (modest upgrade vs baseline +3.5% guide) — but growth expected to slow. MLCO/WYNN again on-list. Theme remains late-stage, largely priced, plateauing capital, ","Strong on the one pure-play (MLCO ~100% Macau, small-cap-priced) but late/closing/priced; adequate on WYNN (diluted hybrid). LVS/MGM off-list benchmarks. HOLD: recognition priced, GGR decelerating (+6.7% YoY May, +10.9% YTD = consensus) — a margin/mix story now, not early-flow.",MLCO; WYNN; LVS; MGM,MLCO; WYNN
2026-W23,2026-06-07,Companion-Animal / Pet Health (vet diagnostics + therapeutics),Diagnostics-attach + therapeutic-share + pet-insurance subscription decoupling revenue-per-pet from visit volume; TRUP purest small-cap (off-list),cluster,mid,open,fundamental,2,neutral,pass,none,HOLD,none,strong,building,strong,building,weak,weak,building,"Firm, converting, recurring-revenue demand: diagnostics attach (IDXX +11% organic) + therapeutic share (ELAN Zenrelia blockbuster) + subscription (TRUP +16%) OFFSETTING soft visit volumes. No TD trigger (recurring demand durable, recognition gap open — IDXX de-rated while raising guidance). The cap is the ~3-4x ceiling for mega-cap anchors + no early capital wave (wrong-shape-for-book), not theme ","No material change, demand reconfirmed (was HOLD). New current-data: ELAN Q1-26 Pet Health +12% ($710M), Zenrelia momentum extending (>2M dogs, US JAK share +5pts QoQ, Befrena on track, new Costco/Dollar General retail). Demand-floor + inflection stay STRONG, but binding HOLD reasons persist: cataly","Strong on two on-list Direct vehicles (ELAN best price/beta fit; IDXX cleanest diagnostics read but large-cap) + off-list TRUP (purest subscription). HOLD with open recognition (floor 2): the revenue-per-pet-decoupling-from-visits thesis is the live, under-recognized mechanism — Tier 2 can advance ELAN cleanly.",ELAN; IDXX; TRUP; ZTS,ELAN; IDXX
2026-W23,2026-06-07,Precious-Metals Miners — Silver/Gold Structural-Deficit Breakout,Primary-silver miners + leveraged junior gold (operating-leverage to metal); metal recovering to ~$75 but all vehicles off-list this week,cluster,mid,closing,fundamental,2,neutral,pass,none,HOLD,none,strong,building,strong,building,building,weak,building,"Dual industrial+monetary demand against a structural recurring (6th-year) supply deficit; primary-silver miners carry extreme operating leverage to the metal; demand firm/realized (physical + ETP inflows). No TD trigger (TD-3 NO — drawdown was a price correction, ETF AUM held, metal recovering). HOLD on capital already-arrived/de-risking + ZERO on-list vehicle. Watch softening solar-PV leg (defici","Metal FIRMED, conclusion unchanged (was HOLD). New current-data: silver bounced to ~$74.87/oz (Jun-4), +~12% from baseline ~$67 and well off the spring ~$60 trough, analysts flagging a $100 retest on Fed liquidity. Converters still rewarded, inventories near record lows, deficit intact. HOWEVER capi",Strong on the off-list primary-silver pure-plays (AG/MAG/EXK/SILV) but ZERO on-list this week — entire theme is benchmark-only. HOLD: metal recovering (~$75) and recognition closing as large diversified miners already re-rated; the underpriced leverage sits in the single-mine high-grade pure-plays (MAG/SILV/GATO).,MAG; AG; EXK; SILV; SILJ,
2026-W23,2026-06-07,Copper Structural Deficit (Electrification Bottleneck),Long-dated 2030s refined-Cu shortfall; near-term ICSG model flipped to 2026/27 SURPLUS — inflection falsified; ERO/TGB small-cap pure-plays off-list,top-down,late,closing,fundamental,3,neutral,pass,none,HOLD,none,building,building,weak,strong,building,weak,building,"Supply-constrained physical bottleneck (refined-Cu deficit triple-driven by data centers, EVs, grid vs 12-18yr mine lag) — but near-term balance is MODELED not firm offtake, and the model swung to SURPLUS for 2026-27 (ICSG). Long-dated 2030s mechanism (IEA ~30% gap by 2035) intact. TD-3 effectively the issue: not a clean capital-flow reversal but the INFLECTION IS FALSIFIED — the near-term demand ","FALSIFIED status unchanged, floor nudged 2 -> 3 (was HOLD). Verified no reversal of the surplus call this week: ICSG's Apr-2026 flip to 2026 surplus (96kt)/2027 surplus (377kt) stands — present-day fundamental is the OPPOSITE of the deficit thesis. Floor lowered because the near-term demand mechanis","Strong on the off-list small-cap pure-plays (ERO/TGB) but ZERO deployable on-list — the only on-list name (CNM) is a verified FALSE match (waterworks distributor, not a metal play). HOLD with falsified near-term inflection: the ICSG model flipped to 2026/27 surplus, so this is benchmark-only pending a copper-price (CPER) re-acceleration.",ERO; TGB; CPER; CNM,
2026-W23,2026-06-07,AI-Native TechBio / AI-Designed Drug Discovery (clinical-stage platform re-rate),"Clinical-stage AI drug-discovery platforms re-rating on pivotal readouts (RXRX REC-4881 FAP); distinct from agentic-enterprise-software, thin/single-name",cluster,early,open,sentiment,5,headwind,monitor,decoupled-leader,HOLD,none,weak,building,building,building,strong,weak,building,"AI-enabled full-stack drug-discovery platforms re-rate as clinical readouts validate the platform (NOT enterprise-software ARR). Demand = clinical de-risking + pharma-partnership economics, not contracted recurring revenue (announced-only). RXRX has runway (cash to 2028, no near-term ruin) but the theme lacks a rising-capital cluster at the listed small-cap layer — fails the firm-demand theme bar;","NEW candidate this week (absent 2026-06-06). Separated from the Tier-1 'AI-platform re-rate' feed because RXRX's mechanism (clinical/pharma platform) differs fundamentally from agentic-enterprise-software (enterprise ARR). Adversarial: survived-with-caveats but is_theme_real=false — a thin, mostly s","Thin and announced-only. One on-list name (RXRX) that is well-capitalized but PRE-REVENUE/narrative-gated on unprinted 2026 readouts — a legitimate standalone N-shape platform candidate, NOT a firm-demand theme (the 'cohort' leans on a single name). HOLD/floor-5 (highest caution): flagged_this_week empty by design — RXRX routes individually to bottom-up work, not as a theme fast-track. Crowded narrative, T6 hype-to-revenue-gap risk.",RXRX; SDGR; ABSI; TEM,
