timestamp,symbol,price,beta,banker,momentum_4w,return_20d,tier,theme,theme_score,pure_play_score,theme_verdict,final_decision,conviction,sector_status,upside_potential,bullish_factors,risk_factors,reasoning,passed_all_gates
2026-01-05 18:20:31,RCAT,10.41,2.67,100,29.5,29.8,TIER1,,0.0,0,SKIPPED,PASSED_THEME,0,,,,,,NO
2026-01-05 18:20:31,UCTT,29.73,2.29,100,14.1,13.3,TIER1,,0.0,0,SKIPPED,PASSED_THEME,0,,,,,,NO
2026-01-05 18:20:31,PI,171.58,2.14,69.2,18.1,8.4,TIER2,,0.0,0,SKIPPED,PASSED_THEME,0,,,,,,NO
2026-01-05 18:20:31,CC,12.73,2.08,70.3,-1.7,0.2,TIER1,,0.0,0,SKIPPED,PASSED_THEME,0,,,,,,NO
2026-01-05 18:20:31,ALGM,28.56,1.94,74.3,5.3,-2.3,TIER1,,0.0,0,SKIPPED,PASSED_THEME,0,,,,,,NO
2026-01-05 18:20:31,FIX,1037.41,1.81,94.3,7.2,3.6,TIER1,,0.0,0,SKIPPED,PASSED_THEME,0,,,,,,NO
2026-01-05 18:20:31,PENG,20.86,1.75,56.9,0.1,-3.3,TIER3,,0.0,0,SKIPPED,PASSED_THEME,0,,,,,,NO
2026-01-05 18:20:31,TMC,7.28,1.69,60.8,9.6,-4.2,TIER2,,0.0,0,SKIPPED,PASSED_THEME,0,,,,,,NO
2026-01-05 18:20:31,IBKR,70.96,1.65,96.0,10.6,10.0,TIER1,,0.0,0,SKIPPED,PASSED_THEME,0,,,,,,NO
2026-01-05 18:20:31,XYZ,68.93,1.62,86.3,6.5,12.8,TIER1,,0.0,0,SKIPPED,PASSED_THEME,0,,,,,,NO
2026-01-05 18:20:31,BBWI,20.72,1.6,74.8,3.3,10.0,TIER1,,0.0,0,SKIPPED,PASSED_THEME,0,,,,,,NO
2026-01-05 18:20:31,TLN,387.65,1.53,77.0,8.8,9.4,TIER1,,0.0,0,SKIPPED,PASSED_THEME,0,,,,,,NO
2026-01-05 18:20:31,PENN,15.39,1.51,86.0,7.8,11.4,TIER1,,0.0,0,SKIPPED,PASSED_THEME,0,,,,,,NO
2026-01-05 18:20:31,REZI,36.31,1.51,64.1,0.3,7.4,TIER2,,0.0,0,SKIPPED,PASSED_THEME,0,,,,,,NO
2026-01-05 18:20:31,VECO,31.57,1.5,65.3,3.1,-1.5,TIER2,,0.0,0,SKIPPED,PASSED_THEME,0,,,,,,NO
2026-01-05 18:27:38,RCAT,10.38,2.67,100,29.0,29.4,TIER1,,0.0,0,SKIPPED,TECHNICAL_ONLY,0,,,,,,NO
2026-01-05 18:27:38,UCTT,29.76,2.29,100,14.2,13.4,TIER1,,0.0,0,SKIPPED,TECHNICAL_ONLY,0,,,,,,NO
2026-01-05 18:27:38,PI,171.6,2.14,69.3,18.1,8.4,TIER2,,0.0,0,SKIPPED,TECHNICAL_ONLY,0,,,,,,NO
2026-01-05 18:27:38,CC,12.8,2.08,73.1,-1.2,0.8,TIER1,,0.0,0,SKIPPED,TECHNICAL_ONLY,0,,,,,,NO
2026-01-05 18:27:38,ALGM,28.53,1.94,73.8,5.3,-2.3,TIER1,,0.0,0,SKIPPED,TECHNICAL_ONLY,0,,,,,,NO
2026-01-05 18:27:38,FIX,1035.25,1.81,93.2,7.0,3.4,TIER1,,0.0,0,SKIPPED,TECHNICAL_ONLY,0,,,,,,NO
2026-01-05 18:27:38,TMC,7.28,1.69,60.8,9.6,-4.2,TIER2,,0.0,0,SKIPPED,TECHNICAL_ONLY,0,,,,,,NO
2026-01-05 18:27:38,IBKR,70.86,1.65,95.1,10.5,9.9,TIER1,,0.0,0,SKIPPED,TECHNICAL_ONLY,0,,,,,,NO
2026-01-05 18:27:38,XYZ,68.77,1.62,85.0,6.2,12.5,TIER1,,0.0,0,SKIPPED,TECHNICAL_ONLY,0,,,,,,NO
2026-01-05 18:27:38,BBWI,20.79,1.6,76.6,3.7,10.4,TIER1,,0.0,0,SKIPPED,TECHNICAL_ONLY,0,,,,,,NO
2026-01-05 18:27:38,TLN,386.76,1.53,75.8,8.5,9.2,TIER1,,0.0,0,SKIPPED,TECHNICAL_ONLY,0,,,,,,NO
2026-01-05 18:27:38,PENN,15.36,1.51,84.9,7.6,11.1,TIER1,,0.0,0,SKIPPED,TECHNICAL_ONLY,0,,,,,,NO
2026-01-05 18:27:38,REZI,36.33,1.51,64.3,0.4,7.4,TIER2,,0.0,0,SKIPPED,TECHNICAL_ONLY,0,,,,,,NO
2026-01-05 18:27:38,VECO,31.52,1.5,64.6,2.9,-1.7,TIER2,,0.0,0,SKIPPED,TECHNICAL_ONLY,0,,,,,,NO
2026-01-05 18:34:07,RCAT,10.46,2.67,100,30.0,30.4,TIER1,Defense & Aerospace Manufacturing,0.0,85,GOOD FIT,CONSIDER,3,Warm 🔥🔥,Moderate (20-50%),Growing cybersecurity market; Enterprise security demand,Small cap volatility; Competitive enterprise software space; Execution risk on growth,Red Cat Security operates in a growing cybersecurity niche but faces typical small-cap execution risks. Sector tailwinds present but competitive landscape intense.,YES
2026-01-05 18:34:07,UCTT,29.76,2.29,100,14.2,13.4,TIER1,AI Power Infrastructure / Grid Modernization,0.0,40,GOOD FIT,SKIP,2,Cooling 🔥,Limited (<20%),Specialized semiconductor processing equipment,Cyclical semiconductor downturn; Customer concentration risk; Capital intensive business model,Ultra Clean Technologies faces headwinds from semiconductor cycle downturn. Equipment demand typically lags chip recovery; making timing challenging for momentum plays.,NO
2026-01-05 18:34:07,CC,12.86,2.08,75.4,-0.7,1.3,TIER1,Materials & Mining,0.0,70,GOOD FIT,SKIP,2,Cold ❄️,Limited (<20%),Potential turnaround story,Retail sector challenges; Consumer spending pressure; Operational restructuring needs,Chemours faces ongoing operational challenges and the broader retail/consumer environment remains pressured. Limited momentum potential in current environment.,NO
2026-01-05 18:34:07,ALGM,28.51,1.94,73.4,5.2,-2.4,TIER1,AI Power Infrastructure / Grid Modernization,0.0,55,STRONG FIT,CONSIDER,3,Warm 🔥🔥,Moderate (20-50%),5G infrastructure buildout; Telecom equipment demand; Potential margin expansion,Customer concentration; Cyclical telecom capex; Supply chain pressures,Allegro MicroSystems benefits from 5G and automotive semiconductor trends; but faces typical semiconductor sector cyclicality and customer concentration risks.,YES
2026-01-05 18:34:07,FIX,1034.45,1.81,92.8,6.9,3.3,TIER1,AI Power Infrastructure / Grid Modernization,0.0,80,STRONG FIT,SKIP,2,Cooling 🔥,Limited (<20%),Healthcare services demand,Regulatory pressures; Reimbursement challenges; Operational complexity,Comfort Systems faces healthcare sector headwinds including regulatory pressures and reimbursement challenges. Limited momentum catalysts visible.,NO
2026-01-05 18:34:07,TLN,388.11,1.53,77.6,8.9,9.6,TIER1,AI Power Infrastructure / Grid Modernization,0.0,90,GOOD FIT,SKIP,2,Cold ❄️,Limited (<20%),Essential utility services,Regulatory overhang; Capital intensive operations; Rate environment pressure,Talen Energy faces utility sector challenges including regulatory pressures and rate environment headwinds. Limited upside potential for momentum trading.,NO
2026-01-05 18:34:07,VECO,31.56,1.5,65.1,3.1,-1.5,TIER2,AI Power Infrastructure / Grid Modernization,0.0,60,GOOD FIT,CONSIDER,3,Cooling 🔥,Moderate (20-50%),Specialized deposition equipment; Advanced node requirements; Potential cycle recovery,Semiconductor cycle downturn; Customer concentration; High operational leverage,Veeco Instruments provides specialized equipment for advanced semiconductors. While sector faces cyclical headwinds; specialized positioning could drive recovery when cycle turns.,YES
2026-01-05 21:32:05,SERV,12.78,2.69,100,5.4,-4.8,TIER1,Defense & Aerospace Supply Chain,0.0,35,GOOD FIT,ERROR,0,,,,,,NO
2026-01-05 21:32:05,RCAT,10.61,2.68,100,32.0,32.3,TIER1,Defense & Aerospace Supply Chain,0.0,85,GOOD FIT,ERROR,0,,,,,,NO
2026-01-05 21:32:05,UCTT,29.41,2.29,100,12.9,12.1,TIER1,Materials Infrastructure Rebuild,0.0,60,STRONG FIT,ERROR,0,,,,,,NO
2026-01-05 21:32:05,CC,12.68,2.08,67.7,-2.1,-0.2,TIER2,Materials Infrastructure Rebuild,0.0,70,STRONG FIT,ERROR,0,,,,,,NO
2026-01-05 21:32:05,ALGM,28.33,1.94,69.7,4.5,-3.0,TIER2,Energy Infrastructure Modernization,0.0,55,GOOD FIT,ERROR,0,,,,,,NO
2026-01-05 21:32:05,FIX,1029.85,1.81,90.0,6.4,2.8,TIER1,Materials Infrastructure Rebuild,0.0,75,STRONG FIT,ERROR,0,,,,,,NO
2026-01-05 21:32:05,IBKR,71.45,1.65,98.6,11.4,10.8,TIER1,Financial Services Rate Normalization,0.0,80,STRONG FIT,ERROR,0,,,,,,NO
2026-01-05 21:32:05,CTOS,6.16,1.64,58.8,0.4,0.7,TIER3,Energy Infrastructure Modernization,0.0,85,GOOD FIT,ERROR,0,,,,,,NO
2026-01-05 21:32:05,VECO,31.35,1.5,61.7,2.4,-2.2,TIER2,Materials Infrastructure Rebuild,0.0,75,STRONG FIT,ERROR,0,,,,,,NO
2026-01-05 22:01:40,RCAT,10.79,2.68,100,34.2,34.5,TIER1,Defense Manufacturing & Aerospace,0.0,85,STRONG FIT,CONSIDER,3,NEUTRAL,High (50%+),Strong theme momentum in defense sector; Small size makes it M&A target; Defense budget tailwinds multi-year; Manufacturing bottlenecks create pricing power,Low liquidity could amplify volatility; Single large contract dependency; Limited financial disclosure frequency,RCAT fits perfectly in the hot defense theme with strong sector tailwinds; but small cap nature creates execution and liquidity risks. Catalyst potential exists through contract wins and M&A; but timing uncertain without current data.,YES
2026-01-05 22:01:40,SERV,12.61,2.68,95.3,4.0,-6.0,TIER1,Industrial Automation & Manufacturing,0.0,40,GOOD FIT,CONSIDER,3,NEUTRAL,Uncertain,Industrial automation theme momentum with 7.0/10 score; Manufacturing labor shortages driving automation adoption; Defense production needs creating tailwinds,No visible catalyst for 50-100% move; Small-cap execution risk; Potential dilution history unknown,While SERV fits the strong Industrial Automation theme; lacks identifiable catalyst for asymmetric returns. Theme momentum alone insufficient without specific earnings beat potential; major contract wins; or product launches.,YES
2026-01-05 22:01:40,PI,176.56,2.15,83.2,21.5,11.6,TIER1,Industrial Automation & Manufacturing,0.0,60,STRONG FIT,CONSIDER,3,NEUTRAL,High (50%+),Strong fit with hot Industrial Automation theme; Manufacturing labor shortage driving automation demand; Defense production needs creating tailwinds; Established player in mission-critical automation,Earnings timing uncertainty without current data; Industrial automation adoption can be lumpy; Economic slowdown risk to capex spending,PI shows strong thematic alignment with industrial automation bottleneck thesis; but without current web data; cannot confirm immediate catalyst timing or rule out recent red flags. Theme fundamentals remain compelling for 50-100% moves.,YES
2026-01-05 22:01:40,CC,12.73,2.08,69.8,-1.7,0.2,TIER2,Battery Materials & Processing,0.0,35,GOOD FIT,CONSIDER,3,NEUTRAL,High (50%+),Battery processing bottleneck theme gaining momentum; EV adoption driving demand for processing capacity; Potential beneficiary of IRA battery supply chain incentives,Small cap execution risk; Commodity price volatility; Competition from established chemical companies,CC fits the battery materials processing bottleneck thesis well; but lacks clear near-term catalyst visibility. Theme momentum is present but company-specific drivers unclear without current data. Information staleness creates uncertainty around timing and governance.,YES
2026-01-05 22:01:40,ALGM,28.36,1.94,70.1,4.6,-2.9,TIER1,Industrial Automation & Manufacturing,0.0,70,STRONG FIT,CONSIDER,3,NEUTRAL,High (50%+),Strong fit in hot industrial automation theme; Defense manufacturing exposure aligns with geopolitical tailwinds; Manufacturing labor shortages driving automation adoption; Potential beneficiary of de,Small-cap volatility in current market; Execution risk on defense contracts; Cyclical exposure to industrial capex; Limited analyst coverage may constrain institutional flow,ALGM fits strongly into a confirmed hot theme with solid fundamental drivers around automation adoption and defense manufacturing. However; without current data on earnings timing; recent filings; and governance status; there's elevated information risk for position entry.,YES
2026-01-05 22:01:40,CTOS,6.17,1.64,60.0,0.7,1.0,TIER3,Grid Infrastructure & Power Delivery,0.0,75,STRONG FIT,CONSIDER,3,NEUTRAL,Uncertain,Perfect theme alignment with grid infrastructure bottleneck; Low float microcap structure for explosive moves; Power delivery critical for AI/data center expansion,Limited catalyst visibility without current data; Microcap liquidity constraints; Execution risk on grid infrastructure contracts,Strong thematic fit in the #1 ranked Grid Infrastructure theme; but lack of visible near-term catalysts makes this dead money risk despite perfect positioning. Small-cap grid plays can move 100%+ when catalysts hit; but timing is everything.,YES
2026-01-05 22:01:40,REZI,36.32,1.51,64.1,0.4,7.4,TIER2,Industrial Automation & Manufacturing,0.0,55,GOOD FIT,CONSIDER,2,NEUTRAL,Uncertain,Real estate technology automation fits theme; Manufacturing labor shortage drivers intact; Potential M&A target in consolidating proptech,No visible catalyst for re-rating; Real estate market headwinds; Uncertain earnings timing creates information gap,REZI fits the Industrial Automation theme as a real estate technology company; but lacks a clear catalyst for 50-100% moves. Without current earnings dates; analyst coverage; or recent developments; the setup appears to be 'dead money' despite clean fundamentals.,YES
2026-01-05 22:01:40,VECO,31.05,1.5,56.7,1.4,-3.1,TIER3,Industrial Automation & Manufacturing,0.0,70,STRONG FIT,CONSIDER,3,NEUTRAL,High (50%+),Strong fit with industrial automation theme; Defense manufacturing exposure; Automation labor shortage tailwinds,Cyclical industrial exposure; Competition in automation space; Data freshness concerns,VECO fits strongly with the investable Industrial Automation theme and should benefit from manufacturing labor shortages driving automation adoption. However; without current catalyst timing; insider activity; and recent financial data; conviction is limited to moderate levels.,YES
2026-01-06 19:19:31,RCAT,10.89,2.68,100,35.4,31.7,TIER1,,0.0,0,ERROR,THEME_CONFIRMED,0,,,,,,NO
2026-01-06 19:19:31,SERV,12.76,2.68,100,5.2,-4.9,TIER1,,0.0,0,ERROR,THEME_CONFIRMED,0,,,,,,NO
2026-01-06 19:19:31,UCTT,31.79,2.29,100,22.0,18.5,TIER1,,0.0,0,ERROR,THEME_CONFIRMED,0,,,,,,NO
2026-01-06 19:19:31,PI,184.48,2.15,100,26.9,16.4,TIER1,,0.0,0,ERROR,THEME_CONFIRMED,0,,,,,,NO
2026-01-06 19:19:31,CC,13.1,2.08,85.0,1.2,7.4,TIER1,,0.0,0,ERROR,THEME_CONFIRMED,0,,,,,,NO
2026-01-06 19:19:31,ALGM,31.5,1.95,100,16.2,9.6,TIER1,,0.0,0,ERROR,THEME_CONFIRMED,0,,,,,,NO
2026-01-06 19:19:31,VSAT,41.29,1.86,100,15.2,11.7,TIER1,,0.0,0,ERROR,THEME_CONFIRMED,0,,,,,,NO
2026-01-06 19:19:31,FIX,1021.35,1.81,85.2,5.5,3.2,TIER1,,0.0,0,ERROR,THEME_CONFIRMED,0,,,,,,NO
2026-01-06 19:19:31,PENG,21.3,1.76,67.7,2.2,-3.7,TIER2,,0.0,0,ERROR,THEME_CONFIRMED,0,,,,,,NO
2026-01-06 19:19:31,IBKR,72.78,1.65,100,13.5,10.6,TIER1,,0.0,0,ERROR,THEME_CONFIRMED,0,,,,,,NO
2026-01-06 19:19:31,CTOS,6.11,1.64,55.1,-0.3,1.5,TIER3,,0.0,0,ERROR,THEME_CONFIRMED,0,,,,,,NO
2026-01-06 19:19:31,XYZ,69.03,1.62,83.8,6.6,13.1,TIER1,,0.0,0,ERROR,THEME_CONFIRMED,0,,,,,,NO
2026-01-06 19:19:31,BBWI,21.89,1.6,100,9.2,11.4,TIER1,,0.0,0,ERROR,THEME_CONFIRMED,0,,,,,,NO
2026-01-06 19:19:31,FUTU,181.8,1.57,84.9,6.0,5.7,TIER1,,0.0,0,ERROR,THEME_CONFIRMED,0,,,,,,NO
2026-01-06 19:19:31,TLN,390.59,1.53,78.1,9.6,10.5,TIER1,,0.0,0,ERROR,THEME_CONFIRMED,0,,,,,,NO
2026-01-06 19:19:31,PENN,14.99,1.51,70.2,5.0,8.9,TIER1,,0.0,0,ERROR,THEME_CONFIRMED,0,,,,,,NO
2026-01-06 19:19:31,VECO,32.47,1.51,80.2,6.0,1.0,TIER1,,0.0,0,ERROR,THEME_CONFIRMED,0,,,,,,NO
2026-01-06 19:19:31,SVC,2.09,1.5,100,9.7,14.6,TIER1,,0.0,0,ERROR,THEME_CONFIRMED,0,,,,,,NO
2026-01-06 19:23:49,RCAT,10.87,2.68,100,35.2,31.4,TIER1,,0.0,0,ERROR,THEME_CONFIRMED,0,,,,,,NO
2026-01-06 19:23:49,SERV,12.71,2.68,100,4.8,-5.3,TIER1,,0.0,0,ERROR,THEME_CONFIRMED,0,,,,,,NO
2026-01-06 19:23:49,UCTT,31.85,2.29,100,22.3,18.8,TIER1,,0.0,0,ERROR,THEME_CONFIRMED,0,,,,,,NO
2026-01-06 19:23:49,PI,184.51,2.15,100,27.0,16.4,TIER1,,0.0,0,ERROR,THEME_CONFIRMED,0,,,,,,NO
2026-01-06 19:23:49,CC,13.12,2.08,85.8,1.3,7.5,TIER1,,0.0,0,ERROR,THEME_CONFIRMED,0,,,,,,NO
2026-01-06 19:23:49,ALGM,31.51,1.95,100,16.2,9.6,TIER1,,0.0,0,ERROR,THEME_CONFIRMED,0,,,,,,NO
2026-01-06 19:23:49,VSAT,41.34,1.86,100,15.4,11.8,TIER1,,0.0,0,ERROR,THEME_CONFIRMED,0,,,,,,NO
2026-01-06 19:23:49,FIX,1021.35,1.81,85.2,5.5,3.2,TIER1,,0.0,0,ERROR,THEME_CONFIRMED,0,,,,,,NO
2026-01-06 19:23:49,PENG,21.33,1.76,68.5,2.4,-3.5,TIER2,,0.0,0,ERROR,THEME_CONFIRMED,0,,,,,,NO
2026-01-06 19:23:49,IBKR,72.76,1.65,100,13.4,10.6,TIER1,,0.0,0,ERROR,THEME_CONFIRMED,0,,,,,,NO
2026-01-06 19:23:49,CTOS,6.12,1.64,55.9,-0.2,1.7,TIER3,,0.0,0,ERROR,THEME_CONFIRMED,0,,,,,,NO
2026-01-06 19:23:49,XYZ,69.0,1.62,83.6,6.6,13.0,TIER1,,0.0,0,ERROR,THEME_CONFIRMED,0,,,,,,NO
2026-01-06 19:23:49,BBWI,21.89,1.6,100,9.2,11.4,TIER1,,0.0,0,ERROR,THEME_CONFIRMED,0,,,,,,NO
2026-01-06 19:23:49,FUTU,182.14,1.57,85.8,6.2,5.9,TIER1,,0.0,0,ERROR,THEME_CONFIRMED,0,,,,,,NO
2026-01-06 19:23:49,TLN,390.59,1.53,78.1,9.6,10.5,TIER1,,0.0,0,ERROR,THEME_CONFIRMED,0,,,,,,NO
2026-01-06 19:23:49,PENN,14.98,1.51,69.7,4.9,8.8,TIER2,,0.0,0,ERROR,THEME_CONFIRMED,0,,,,,,NO
2026-01-06 19:23:49,VECO,32.58,1.51,82.0,6.4,1.4,TIER1,,0.0,0,ERROR,THEME_CONFIRMED,0,,,,,,NO
2026-01-06 19:23:49,SVC,2.09,1.5,100,9.7,14.6,TIER1,,0.0,0,ERROR,THEME_CONFIRMED,0,,,,,,NO
2026-01-06 19:32:34,RCAT,10.91,2.68,100,35.8,32.0,TIER1,,0.0,0,SKIPPED,THEME_CONFIRMED,0,,,,,,NO
2026-01-06 19:32:34,SERV,12.73,2.68,100,5.0,-5.1,TIER1,,0.0,0,SKIPPED,THEME_CONFIRMED,0,,,,,,NO
2026-01-06 19:32:34,UCTT,31.83,2.29,100,22.2,18.7,TIER1,,0.0,0,SKIPPED,THEME_CONFIRMED,0,,,,,,NO
2026-01-06 19:32:34,PI,184.62,2.15,100,27.0,16.4,TIER1,,0.0,0,SKIPPED,THEME_CONFIRMED,0,,,,,,NO
2026-01-06 19:32:34,CC,13.12,2.08,86.0,1.4,7.6,TIER1,,0.0,0,SKIPPED,THEME_CONFIRMED,0,,,,,,NO
2026-01-06 19:32:34,ALGM,31.47,1.95,100,16.1,9.5,TIER1,,0.0,0,SKIPPED,THEME_CONFIRMED,0,,,,,,NO
2026-01-06 19:32:34,VSAT,41.24,1.86,100,15.1,11.5,TIER1,,0.0,0,SKIPPED,THEME_CONFIRMED,0,,,,,,NO
2026-01-06 19:32:34,FIX,1018.0,1.81,83.4,5.2,2.9,TIER1,,0.0,0,SKIPPED,THEME_CONFIRMED,0,,,,,,NO
2026-01-06 19:32:34,PENG,21.31,1.76,68.0,2.3,-3.6,TIER2,,0.0,0,SKIPPED,THEME_CONFIRMED,0,,,,,,NO
2026-01-06 19:32:34,IBKR,72.71,1.65,100,13.4,10.5,TIER1,,0.0,0,SKIPPED,THEME_CONFIRMED,0,,,,,,NO
2026-01-06 19:32:34,CTOS,6.14,1.64,58.0,0.2,2.1,TIER3,,0.0,0,SKIPPED,THEME_CONFIRMED,0,,,,,,NO
2026-01-06 19:32:34,XYZ,69.0,1.62,83.6,6.6,13.0,TIER1,,0.0,0,SKIPPED,THEME_CONFIRMED,0,,,,,,NO
2026-01-06 19:32:34,BBWI,21.86,1.6,100,9.0,11.2,TIER1,,0.0,0,SKIPPED,THEME_CONFIRMED,0,,,,,,NO
2026-01-06 19:32:34,FUTU,181.58,1.57,84.2,5.9,5.6,TIER1,,0.0,0,SKIPPED,THEME_CONFIRMED,0,,,,,,NO
2026-01-06 19:32:34,TLN,389.9,1.53,77.2,9.4,10.3,TIER1,,0.0,0,SKIPPED,THEME_CONFIRMED,0,,,,,,NO
2026-01-06 19:32:34,PENN,14.93,1.51,68.0,4.6,8.4,TIER2,,0.0,0,SKIPPED,THEME_CONFIRMED,0,,,,,,NO
2026-01-06 19:32:34,SVC,2.08,1.5,100,9.5,14.3,TIER1,,0.0,0,SKIPPED,THEME_CONFIRMED,0,,,,,,NO
2026-01-06 19:32:34,VECO,32.51,1.5,80.7,6.2,1.1,TIER1,,0.0,0,SKIPPED,THEME_CONFIRMED,0,,,,,,NO
2026-01-06 19:36:45,RCAT,10.91,2.68,100,35.8,32.0,TIER1,,0.0,0,SKIPPED,THEME_CONFIRMED,0,,,,,,NO
2026-01-06 19:36:45,SERV,12.77,2.68,100,5.2,-4.9,TIER1,,0.0,0,SKIPPED,THEME_CONFIRMED,0,,,,,,NO
2026-01-06 19:36:45,UCTT,31.92,2.29,100,22.5,19.0,TIER1,,0.0,0,SKIPPED,THEME_CONFIRMED,0,,,,,,NO
2026-01-06 19:36:45,PI,184.62,2.15,100,27.0,16.4,TIER1,,0.0,0,SKIPPED,THEME_CONFIRMED,0,,,,,,NO
2026-01-06 19:36:45,CC,13.16,2.08,87.4,1.6,7.9,TIER1,,0.0,0,SKIPPED,THEME_CONFIRMED,0,,,,,,NO
2026-01-06 19:36:45,ALGM,31.37,1.95,100,15.7,9.1,TIER1,,0.0,0,SKIPPED,THEME_CONFIRMED,0,,,,,,NO
2026-01-06 19:36:45,VSAT,41.24,1.86,100,15.1,11.5,TIER1,,0.0,0,SKIPPED,THEME_CONFIRMED,0,,,,,,NO
2026-01-06 19:36:45,FIX,1016.0,1.81,82.4,5.0,2.7,TIER1,,0.0,0,SKIPPED,THEME_CONFIRMED,0,,,,,,NO
2026-01-06 19:36:45,PENG,21.36,1.76,69.3,2.5,-3.4,TIER2,,0.0,0,SKIPPED,THEME_CONFIRMED,0,,,,,,NO
2026-01-06 19:36:45,IBKR,72.76,1.65,100,13.4,10.6,TIER1,,0.0,0,SKIPPED,THEME_CONFIRMED,0,,,,,,NO
2026-01-06 19:36:45,CTOS,6.14,1.64,58.0,0.2,2.1,TIER3,,0.0,0,SKIPPED,THEME_CONFIRMED,0,,,,,,NO
2026-01-06 19:36:45,XYZ,69.1,1.62,84.3,6.7,13.2,TIER1,,0.0,0,SKIPPED,THEME_CONFIRMED,0,,,,,,NO
2026-01-06 19:36:45,BBWI,21.84,1.6,100,9.0,11.2,TIER1,,0.0,0,SKIPPED,THEME_CONFIRMED,0,,,,,,NO
2026-01-06 19:36:45,FUTU,181.29,1.56,83.3,5.7,5.4,TIER1,,0.0,0,SKIPPED,THEME_CONFIRMED,0,,,,,,NO
2026-01-06 19:36:45,TLN,391.16,1.53,78.9,9.8,10.7,TIER1,,0.0,0,SKIPPED,THEME_CONFIRMED,0,,,,,,NO
2026-01-06 19:36:45,PENN,14.93,1.51,67.8,4.5,8.4,TIER2,,0.0,0,SKIPPED,THEME_CONFIRMED,0,,,,,,NO
2026-01-06 19:36:45,SVC,2.08,1.5,100,9.5,14.4,TIER1,,0.0,0,SKIPPED,THEME_CONFIRMED,0,,,,,,NO
2026-01-06 19:36:45,VECO,32.47,1.5,80.1,6.0,1.0,TIER1,,0.0,0,SKIPPED,THEME_CONFIRMED,0,,,,,,NO
2026-01-06 19:41:00,RCAT,10.91,2.68,100,35.7,31.9,TIER1,,0.0,0,SKIPPED,THEME_CONFIRMED,0,,,,,,NO
2026-01-06 19:41:00,SERV,12.7,2.68,100,4.7,-5.4,TIER1,,0.0,0,SKIPPED,THEME_CONFIRMED,0,,,,,,NO
2026-01-06 19:41:00,UCTT,31.73,2.29,100,21.8,18.3,TIER1,,0.0,0,SKIPPED,THEME_CONFIRMED,0,,,,,,NO
2026-01-06 19:41:00,PI,184.9,2.15,100,27.2,16.6,TIER1,,0.0,0,SKIPPED,THEME_CONFIRMED,0,,,,,,NO
2026-01-06 19:41:00,CC,13.12,2.08,86.0,1.4,7.6,TIER1,,0.0,0,SKIPPED,THEME_CONFIRMED,0,,,,,,NO
2026-01-06 19:41:00,ALGM,31.43,1.95,100,15.9,9.3,TIER1,,0.0,0,SKIPPED,THEME_CONFIRMED,0,,,,,,NO
2026-01-06 19:41:00,VSAT,41.27,1.86,100,15.2,11.6,TIER1,,0.0,0,SKIPPED,THEME_CONFIRMED,0,,,,,,NO
2026-01-06 19:41:00,FIX,1014.51,1.81,81.6,4.8,2.5,TIER1,,0.0,0,SKIPPED,THEME_CONFIRMED,0,,,,,,NO
2026-01-06 19:41:00,PENG,21.33,1.76,68.4,2.4,-3.5,TIER2,,0.0,0,SKIPPED,THEME_CONFIRMED,0,,,,,,NO
2026-01-06 19:41:00,TMC,7.18,1.69,55.4,8.1,-7.9,TIER3,,0.0,0,SKIPPED,THEME_CONFIRMED,0,,,,,,NO
2026-01-06 19:41:00,IBKR,72.69,1.65,100,13.3,10.5,TIER1,,0.0,0,SKIPPED,THEME_CONFIRMED,0,,,,,,NO
2026-01-06 19:41:00,CTOS,6.14,1.64,57.6,0.2,2.0,TIER3,,0.0,0,SKIPPED,THEME_CONFIRMED,0,,,,,,NO
2026-01-06 19:41:00,XYZ,69.1,1.62,84.3,6.7,13.2,TIER1,,0.0,0,SKIPPED,THEME_CONFIRMED,0,,,,,,NO
2026-01-06 19:41:00,BBWI,21.83,1.6,99.8,8.9,11.1,TIER1,,0.0,0,SKIPPED,THEME_CONFIRMED,0,,,,,,NO
2026-01-06 19:41:00,FUTU,181.38,1.57,83.6,5.8,5.5,TIER1,,0.0,0,SKIPPED,THEME_CONFIRMED,0,,,,,,NO
2026-01-06 19:41:00,TLN,391.19,1.53,78.9,9.8,10.7,TIER1,,0.0,0,SKIPPED,THEME_CONFIRMED,0,,,,,,NO
2026-01-06 19:41:00,PENN,14.93,1.51,67.8,4.5,8.4,TIER2,,0.0,0,SKIPPED,THEME_CONFIRMED,0,,,,,,NO
2026-01-06 19:41:00,REZI,35.76,1.5,55.1,-1.2,6.0,TIER3,,0.0,0,SKIPPED,THEME_CONFIRMED,0,,,,,,NO
2026-01-06 19:41:00,SVC,2.08,1.5,100,9.5,14.3,TIER1,,0.0,0,SKIPPED,THEME_CONFIRMED,0,,,,,,NO
2026-01-06 19:41:00,VECO,32.47,1.5,80.1,6.0,1.0,TIER1,,0.0,0,SKIPPED,THEME_CONFIRMED,0,,,,,,NO
2026-01-06 19:44:40,RCAT,10.86,2.68,100,35.1,31.3,TIER1,,0.0,0,SKIPPED,THEME_CONFIRMED,0,,,,,,NO
2026-01-06 19:44:40,SERV,12.65,2.68,100,4.3,-5.7,TIER1,,0.0,0,SKIPPED,THEME_CONFIRMED,0,,,,,,NO
2026-01-06 19:44:40,UCTT,31.66,2.29,100,21.5,18.0,TIER1,,0.0,0,SKIPPED,THEME_CONFIRMED,0,,,,,,NO
2026-01-06 19:44:40,PI,184.9,2.15,100,27.2,16.6,TIER1,,0.0,0,SKIPPED,THEME_CONFIRMED,0,,,,,,NO
2026-01-06 19:44:40,CC,13.05,2.08,82.9,0.8,7.0,TIER1,,0.0,0,SKIPPED,THEME_CONFIRMED,0,,,,,,NO
2026-01-06 19:44:40,ALGM,31.43,1.95,100,15.9,9.3,TIER1,,0.0,0,SKIPPED,THEME_CONFIRMED,0,,,,,,NO
2026-01-06 19:44:40,VSAT,41.42,1.86,100,15.6,12.0,TIER1,,0.0,0,SKIPPED,THEME_CONFIRMED,0,,,,,,NO
2026-01-06 19:44:40,FIX,1019.03,1.81,84.0,5.3,3.0,TIER1,,0.0,0,SKIPPED,THEME_CONFIRMED,0,,,,,,NO
2026-01-06 19:44:40,PENG,21.31,1.76,67.9,2.3,-3.6,TIER2,,0.0,0,SKIPPED,THEME_CONFIRMED,0,,,,,,NO
2026-01-06 19:44:40,IBKR,72.73,1.65,100,13.4,10.5,TIER1,,0.0,0,SKIPPED,THEME_CONFIRMED,0,,,,,,NO
2026-01-06 19:44:40,CTOS,6.14,1.64,57.6,0.2,2.0,TIER3,,0.0,0,SKIPPED,THEME_CONFIRMED,0,,,,,,NO
2026-01-06 19:44:40,XYZ,69.1,1.62,84.2,6.7,13.2,TIER1,,0.0,0,SKIPPED,THEME_CONFIRMED,0,,,,,,NO
2026-01-06 19:44:40,BBWI,21.83,1.6,99.5,8.9,11.1,TIER1,,0.0,0,SKIPPED,THEME_CONFIRMED,0,,,,,,NO
2026-01-06 19:44:40,FUTU,181.37,1.56,83.6,5.8,5.5,TIER1,,0.0,0,SKIPPED,THEME_CONFIRMED,0,,,,,,NO
2026-01-06 19:44:40,TLN,391.87,1.53,79.8,10.0,10.9,TIER1,,0.0,0,SKIPPED,THEME_CONFIRMED,0,,,,,,NO
2026-01-06 19:44:40,PENN,14.95,1.51,68.6,4.7,8.6,TIER2,,0.0,0,SKIPPED,THEME_CONFIRMED,0,,,,,,NO
2026-01-06 19:44:40,VECO,32.49,1.51,80.4,6.1,1.1,TIER1,,0.0,0,SKIPPED,THEME_CONFIRMED,0,,,,,,NO
2026-01-06 19:44:40,SVC,2.08,1.5,100,9.5,14.3,TIER1,,0.0,0,SKIPPED,THEME_CONFIRMED,0,,,,,,NO
2026-01-06 19:51:58,RCAT,10.84,2.68,100,34.8,31.0,TIER1,,0.0,0,SKIPPED,THEME_CONFIRMED,0,,,,,,NO
2026-01-06 19:51:58,SERV,12.68,2.68,100,4.6,-5.5,TIER1,,0.0,0,SKIPPED,THEME_CONFIRMED,0,,,,,,NO
2026-01-06 19:51:58,UCTT,31.8,2.29,100,22.1,18.6,TIER1,,0.0,0,SKIPPED,THEME_CONFIRMED,0,,,,,,NO
2026-01-06 19:51:58,PI,184.75,2.15,100,27.1,16.5,TIER1,,0.0,0,SKIPPED,THEME_CONFIRMED,0,,,,,,NO
2026-01-06 19:51:58,CC,13.06,2.08,83.3,0.8,7.0,TIER1,,0.0,0,SKIPPED,THEME_CONFIRMED,0,,,,,,NO
2026-01-06 19:51:58,ALGM,31.42,1.95,100,15.9,9.3,TIER1,,0.0,0,SKIPPED,THEME_CONFIRMED,0,,,,,,NO
2026-01-06 19:51:58,VSAT,41.62,1.86,100,16.2,12.5,TIER1,,0.0,0,SKIPPED,THEME_CONFIRMED,0,,,,,,NO
2026-01-06 19:51:58,FIX,1021.54,1.8,85.2,5.5,3.2,TIER1,,0.0,0,SKIPPED,THEME_CONFIRMED,0,,,,,,NO
2026-01-06 19:51:58,PENG,21.31,1.76,67.9,2.3,-3.6,TIER2,,0.0,0,SKIPPED,THEME_CONFIRMED,0,,,,,,NO
2026-01-06 19:51:58,IBKR,72.85,1.65,100,13.6,10.7,TIER1,,0.0,0,SKIPPED,THEME_CONFIRMED,0,,,,,,NO
2026-01-06 19:51:58,CTOS,6.12,1.64,55.9,-0.2,1.7,TIER3,,0.0,0,SKIPPED,THEME_CONFIRMED,0,,,,,,NO
2026-01-06 19:51:58,XYZ,69.17,1.62,84.8,6.8,13.3,TIER1,,0.0,0,SKIPPED,THEME_CONFIRMED,0,,,,,,NO
2026-01-06 19:51:58,BBWI,21.88,1.6,100,9.1,11.3,TIER1,,0.0,0,SKIPPED,THEME_CONFIRMED,0,,,,,,NO
2026-01-06 19:51:58,FUTU,181.15,1.56,82.9,5.7,5.4,TIER1,,0.0,0,SKIPPED,THEME_CONFIRMED,0,,,,,,NO
2026-01-06 19:51:58,TLN,392.61,1.53,80.8,10.2,11.1,TIER1,,0.0,0,SKIPPED,THEME_CONFIRMED,0,,,,,,NO
2026-01-06 19:51:58,PENN,14.97,1.51,69.2,4.8,8.7,TIER2,,0.0,0,SKIPPED,THEME_CONFIRMED,0,,,,,,NO
2026-01-06 19:51:58,VECO,32.45,1.51,79.7,6.0,1.0,TIER1,,0.0,0,SKIPPED,THEME_CONFIRMED,0,,,,,,NO
2026-01-06 19:51:58,SVC,2.08,1.5,100,9.5,14.3,TIER1,,0.0,0,SKIPPED,THEME_CONFIRMED,0,,,,,,NO
2026-01-06 19:58:44,RCAT,10.85,2.68,100,35.0,31.3,TIER1,Defense & Aerospace,0.0,95,GOOD FIT,THEME_CONFIRMED,0,,,,,,NO
2026-01-06 19:58:44,UCTT,31.78,2.29,100,22.0,18.5,TIER1,Semiconductors & AI Chips,0.0,85,GOOD FIT,THEME_CONFIRMED,0,,,,,,NO
2026-01-06 19:58:44,ALGM,31.43,1.95,100,15.9,9.3,TIER1,Grid Infrastructure & Electrification,0.0,70,STRONG FIT,THEME_CONFIRMED,0,,,,,,NO
2026-01-06 19:58:44,FIX,1019.09,1.8,84.0,5.3,3.0,TIER1,Grid Infrastructure & Electrification,0.0,65,STRONG FIT,THEME_CONFIRMED,0,,,,,,NO
2026-01-06 19:58:44,PENG,21.36,1.76,69.1,2.5,-3.4,TIER2,Semiconductors & AI Chips,0.0,60,GOOD FIT,THEME_CONFIRMED,0,,,,,,NO
2026-01-06 19:58:44,CTOS,6.13,1.64,56.8,0.0,1.8,TIER3,Grid Infrastructure & Electrification,0.0,70,GOOD FIT,THEME_CONFIRMED,0,,,,,,NO
2026-01-06 19:58:44,TLN,392.93,1.53,81.2,10.3,11.2,TIER1,Nuclear Power Renaissance,0.0,80,STRONG FIT,THEME_CONFIRMED,0,,,,,,NO
2026-01-06 19:58:44,VECO,32.4,1.51,78.8,5.8,0.8,TIER1,Semiconductors & AI Chips,0.0,85,GOOD FIT,THEME_CONFIRMED,0,,,,,,NO
2026-01-06 20:04:47,ALGM,31.5,1.95,100,16.2,9.6,TIER1,Copper & Electrification Materials,0.0,60,GOOD FIT,THEME_CONFIRMED,0,,,,,,NO
2026-01-06 20:04:47,FIX,1021.29,1.8,85.1,5.5,3.2,TIER1,Grid Infrastructure & Power Equipment,0.0,70,STRONG FIT,THEME_CONFIRMED,0,,,,,,NO
2026-01-06 20:04:47,IBKR,72.77,1.65,100,13.4,10.6,TIER1,Financials / Regional Banks,0.0,50,GOOD FIT,THEME_CONFIRMED,0,,,,,,NO
2026-01-06 20:04:47,CTOS,6.13,1.64,56.8,0.0,1.8,TIER3,Grid Infrastructure & Power Equipment,0.0,75,STRONG FIT,THEME_CONFIRMED,0,,,,,,NO
2026-01-06 20:04:47,TLN,393.05,1.53,81.4,10.3,11.2,TIER1,Nuclear Energy & SMRs,0.0,85,STRONG FIT,THEME_CONFIRMED,0,,,,,,NO
2026-01-06 21:53:47,RCAT,10.91,2.68,100,35.7,31.9,TIER1,Defense & Aerospace Modernization,0.0,85,GOOD FIT,CONSIDER,3,NEUTRAL,High (50%+),Pure-play on counter-drone/UAV defense - one of hottest Pentagon priorities post-Ukraine/Gaza lessons; DOD Replicator initiative specifically targets mass drone production - RCAT positioned; Recent Fl,Already up 400%+ from 2024 lows - much of the re-rating may be priced in; Cash runway and potential dilution if contract timing slips; Competition from larger defense primes entering drone space (Krat,RCAT is a legitimate beneficiary of the defense drone theme with real products and partnerships. The thesis is intact and the theme momentum is exceptional. However; the stock has already made a massive move from ~$2 to $11; raising the question of whether the easy money has been made. Without curre,YES
2026-01-06 21:53:47,UCTT,31.63,2.29,100,21.4,17.9,TIER1,Semiconductors / AI Chips,0.0,90,GOOD FIT,CONSIDER,3,NEUTRAL,High (50%+),Ultra Clean is a pure-play semiconductor equipment services/parts supplier - direct AI capex beneficiary; CHIPS Act tailwind as fabs build out domestic capacity - UCTT provides critical contamination ,"Cyclical timing risk - semiconductor equipment cycle may not inflect until late 2025; Customer concentration - dependent on major OEMs (Lam, Applied Materials relationships); Theme is 'crowded' per sc",UCTT offers legitimate 50-100% upside IF the semiconductor equipment cycle turns decisively in H2 2025. However; theme scores only 6.6/10 (crowded/high expectations); and catalyst timing is uncertain. This is a 'right company; unclear timing' setup. The stock needs either: (1) evidence of order book,YES
2026-01-06 21:53:47,ALGM,31.43,1.95,100,15.9,9.3,TIER1,Grid Modernization & Power Infrastructure,0.0,55,GOOD FIT,CONSIDER,3,NEUTRAL,High (50%+),"Pure-play on power semiconductors for EV, grid, and industrial electrification; Magnetic sensors and power ICs critical for EV drivetrains and charging infrastructure; Long-term secular tailwinds from",Sanken stake overhang - potential secondary offering pressure; Auto/EV demand softness could extend inventory correction; Valuation may be rich relative to near-term earnings trajectory; Smaller cap (,ALGM has strong thematic alignment with grid modernization via its power semiconductors for EVs and industrial applications; but near-term fundamentals face headwinds from inventory digestion and auto weakness. The Sanken overhang creates technical pressure. For 50-100% upside; would need clear cycl,YES
2026-01-06 21:53:47,FIX,1026.99,1.81,87.9,6.1,3.8,TIER1,Grid Modernization & Power Infrastructure,0.0,70,STRONG FIT,TRADE,4,BULLISH,High (50%+),Comfort Systems (FIX) is THE pure-play electrical/mechanical contractor for data center buildouts - directly tied to AI infrastructure bottleneck; Backlog growth has been exceptional (20%+ YoY) with m,Valuation now pricing in perfection - any execution stumble punished severely; Labor cost inflation could compress margins if not passed through; Customer concentration with hyperscalers creates binar,FIX is arguably the best pure-play on the Grid Modernization/Power Infrastructure theme with proven execution and massive backlog visibility. The stock has run hard; but the underlying demand (data centers; grid upgrades; reshoring) is multi-year and accelerating. At $1;000+ it's priced for continue,YES
2026-01-06 21:53:47,CTOS,6.16,1.64,59.1,0.5,2.3,TIER3,Grid Modernization & Power Infrastructure,0.0,75,GOOD FIT,CONSIDER,3,NEUTRAL,High (50%+),Direct exposure to utility capex boom - they provide specialty trucks and equipment utilities need for grid work; Transformer lead times and grid bottleneck thesis plays directly into increased equipm,Balance sheet leverage - ~4x net debt/EBITDA constrains flexibility; Integration of Nesco acquisition may still be creating operational noise; Small cap with thin trading volume - position sizing crit,CTOS has legitimate exposure to the grid modernization theme - utilities need their specialty equipment to execute on capex plans. The depressed valuation and beaten-down stock price create asymmetric upside IF the company can demonstrate execution and begin deleveraging. However; the leveraged bala,YES
2026-01-06 21:53:47,TLN,392.45,1.53,80.3,10.1,11.1,TIER1,Nuclear Renaissance / Uranium,0.0,80,STRONG FIT,TRADE,4,BULLISH,High (50%+),Largest competitive nuclear fleet in US post-merger - pure play on AI power demand; Tech giants actively pursuing nuclear PPAs - TLN prime candidate after CEG/MSFT deal; Texas/ERCOT exposure provides ,Valuation extended - needs catalyst execution not just hope; Regulatory risk if nuclear PPAs get political scrutiny (see FERC/Talen issues); Natural gas price collapse would compress power pricing; Ex,TLN sits at the epicenter of the nuclear renaissance theme with the largest competitive nuclear fleet post-Vistra merger. The company is a prime candidate for hyperscaler data center PPAs following the Constellation/Microsoft blueprint. While the stock has moved significantly; the AI-driven power de,YES
2026-01-06 21:53:47,VECO,32.74,1.51,83.8,6.9,1.9,TIER1,Semiconductors / AI Chips,0.0,85,GOOD FIT,CONSIDER,3,NEUTRAL,High (50%+),Exposure to advanced packaging (ion beam deposition for HBM) - structural AI tailwind; MOCVD leadership positions them for GaN/SiC power semiconductor ramp; Valuation historically reasonable for equip,Customer concentration in foundry/memory - single order cancellation moves stock significantly; China revenue exposure - potential export control headwinds; Equipment spending can cliff quickly if hyp,VECO has legitimate exposure to AI-driven semiconductor trends (HBM packaging; compound semis); but the setup is not asymmetric enough for high conviction. The semiconductor theme is rated only 6.6/10 as 'crowded with elevated expectations;' meaning the easy money may already be made. For 50-100% up,YES
2026-01-09 20:16:19,SERV,14.8,2.69,100,22.0,15.2,TIER1,,0.0,0,ERROR,ERROR,0,,,,,,NO
2026-01-09 20:16:19,RCAT,12.19,2.61,100,51.6,38.7,TIER1,,0.0,0,ERROR,ERROR,0,,,,,,NO
2026-01-09 20:16:19,PGY,25.84,2.38,100,13.8,3.5,TIER1,,0.0,0,ERROR,ERROR,0,,,,,,NO
2026-01-09 20:16:19,UCTT,33.7,2.3,100,29.4,20.0,TIER1,,0.0,0,ERROR,ERROR,0,,,,,,NO
2026-01-09 20:16:19,PI,212.59,2.15,100,46.3,39.3,TIER1,,0.0,0,ERROR,ERROR,0,,,,,,NO
2026-01-09 20:16:19,CC,14.18,2.14,100,9.5,7.8,TIER1,,0.0,0,ERROR,ERROR,0,,,,,,NO
2026-01-09 20:16:19,ALGM,31.33,1.95,100,15.5,10.0,TIER1,,0.0,0,ERROR,ERROR,0,,,,,,NO
2026-01-09 20:16:19,VSAT,40.38,1.89,100,12.7,5.5,TIER1,,0.0,0,ERROR,ERROR,0,,,,,,NO
2026-01-09 20:16:19,FIX,1009.73,1.82,78.5,4.3,-1.5,TIER1,,0.0,0,ERROR,ERROR,0,,,,,,NO
2026-01-09 20:16:19,TNGX,11.36,1.73,100,21.5,24.8,TIER1,,0.0,0,ERROR,ERROR,0,,,,,,NO
2026-01-09 20:16:19,VNET,10.42,1.73,100,13.5,12.8,TIER1,,0.0,0,ERROR,ERROR,0,,,,,,NO
2026-01-09 20:16:19,IBKR,70.17,1.66,77.9,9.4,6.2,TIER1,,0.0,0,ERROR,ERROR,0,,,,,,NO
2026-01-09 20:16:19,CTOS,6.2,1.65,62.7,1.1,-2.1,TIER2,,0.0,0,ERROR,ERROR,0,,,,,,NO
2026-01-09 20:16:19,PWP,18.97,1.63,77.7,6.5,2.9,TIER1,,0.0,0,ERROR,ERROR,0,,,,,,NO
2026-01-09 20:16:19,BBWI,23.27,1.62,100,16.1,16.7,TIER1,,0.0,0,ERROR,ERROR,0,,,,,,NO
2026-01-09 20:16:19,TOI,4.2,1.62,100,11.0,11.6,TIER1,,0.0,0,ERROR,ERROR,0,,,,,,NO
2026-01-09 20:16:19,SHAK,91.99,1.6,93.0,10.6,16.1,TIER1,,0.0,0,ERROR,ERROR,0,,,,,,NO
2026-01-09 20:16:19,XYZ,69.13,1.6,73.1,6.8,8.7,TIER1,,0.0,0,ERROR,ERROR,0,,,,,,NO
2026-01-09 20:16:19,CGON,54.97,1.58,100,34.3,32.1,TIER1,,0.0,0,ERROR,ERROR,0,,,,,,NO
2026-01-09 20:16:19,FUTU,178.73,1.56,73.1,4.2,3.4,TIER1,,0.0,0,ERROR,ERROR,0,,,,,,NO
2026-01-09 20:16:19,VTYX,13.81,1.55,87.2,68.6,62.4,TIER1,,0.0,0,ERROR,ERROR,0,,,,,,NO
2026-01-09 20:16:19,SVC,2.12,1.51,100,11.8,12.4,TIER1,,0.0,0,ERROR,ERROR,0,,,,,,NO
2026-01-09 20:16:19,REZI,37.34,1.5,73.6,3.2,3.0,TIER1,,0.0,0,ERROR,ERROR,0,,,,,,NO
2026-01-09 20:16:19,VECO,33.12,1.5,89.2,8.2,2.6,TIER1,,0.0,0,ERROR,ERROR,0,,,,,,NO
2026-01-09 20:45:21,RCAT,11.61,2.61,100,44.5,32.1,TIER1,Defense / Aerospace,0.0,95,GOOD FIT,CONSIDER,3,BULLISH,High (50%+),"Sole winner of U.S. Army Short Range Reconnaissance (SRR) Program of Record - exclusive defense contract position; FCC enforcement of NDAA Section 1709 effective Dec 23, 2025 restricts DJI/Autel from ",Securities class action lawsuit overhang - could result in settlement/liability and management distraction; High execution risk: must deliver record Q4 to hit lowered FY25 guidance ($34.5-37.5M); Shor,RCAT is a high-conviction defense/drone play with a unique catalyst: the FCC's Dec 23; 2025 enforcement of NDAA Section 1709 effectively banning Chinese drones (DJI/Autel) from the US market creates a massive addressable market shift toward NDAA-compliant American manufacturers like RCAT. The compan,YES
2026-01-09 20:45:21,FIX,1009.24,1.82,78.2,4.3,-1.5,TIER1,Data Center Cooling / Liquid Cooling,0.0,40,STRONG FIT,CONSIDER,3,BULLISH,High (50%+),Record $9.38B backlog up 65% YoY with strong tech/data center mix driving multi-year revenue visibility; Q3 2025 EPS of $8.25 crushed estimates by $2.00 (32% beat); revenue beat by 10%+; EPS doubled Y,"Premium valuation (42x P/E) limits upside potential; analyst targets suggest ~15-20% upside vs 50-100% target; Insider selling pattern across CEO, CFO, COO, directors - though at elevated prices after",FIX is an exceptional operator with record fundamentals and strong theme alignment to AI/data center infrastructure; but the setup does NOT meet our 50-100% return target. Stock is up 115%+ in 12 months with P/E at 42x and analyst targets only 15-20% above current price ($1;140-1;200 vs ~$1;009). Th,YES
2026-01-09 20:45:21,TNGX,11.54,1.73,100,23.4,26.8,TIER1,Healthcare / Biotech,0.0,100,STRONG FIT,CONSIDER,3,BULLISH,High (50%+),"Strong TNG462/vopimetostat clinical data: 49% ORR, 9.1 month mPFS in histology-agnostic cohort - potential best-in-class PRMT5 inhibitor; Massive analyst support: 5 Buy / 0 Sell ratings, consensus Str","Clinical trial execution risk - still Phase 1/2, need FDA alignment on pivotal trial design; Dilution overhang from $100M ATM facility - could weigh on stock during ramp; Competitive pressure from BMS",TNGX has compelling asymmetric setup with best-in-class clinical data in precision oncology (49% ORR; 9.1mo mPFS); massive recent earnings beat; and clear 2026 registrational trial catalyst. Street is overwhelmingly bullish with unanimous Buy ratings and multiple recent price target increases. Howev,YES
2026-01-09 20:45:21,VNET,10.4,1.73,100,13.3,12.6,TIER1,Data Center Cooling / Liquid Cooling,0.0,60,GOOD FIT,TRADE,4,BULLISH,High (50%+),Wholesale IDC revenue surged 112.5% YoY to RMB854M driven by China AI infrastructure boom; 100% analyst Strong Buy consensus with price targets ranging $12.50-$25.13 (27-140% upside); Goldman Sachs ex,China regulatory/geopolitical risk - U.S.-China tensions and data sovereignty rules; High capital intensity requiring continued debt financing for expansion; Competition from GDS Holdings and hypersca,VNET is a direct China AI infrastructure play benefiting from explosive demand - wholesale IDC revenue up 112.5% YoY with 674MW capacity and 100% commitment rates. Street is unanimously bullish (100% Strong Buy) with significant upside to price targets ($13.20 avg vs $10.40 current). While debt leve,YES
2026-01-09 20:45:21,CTOS,6.22,1.65,64.7,1.5,-1.7,TIER2,Grid Infrastructure / Electrical Equipment,0.0,85,STRONG FIT,CONSIDER,2,NEUTRAL,Uncertain,"Strong theme alignment - electric utility, telecom, rail infrastructure equipment directly benefits from grid modernization megatrend; Reaffirmed FY2025 revenue guidance $1.97-$2.06B despite Q3 miss s",No clear catalyst for 50-100% move - theme exposure alone insufficient for asymmetric return; High leverage (4x+) means any slowdown could quickly pressure stock; Recent revenue deceleration suggests ,CTOS has excellent theme alignment with the Grid Infrastructure/Electrical Equipment thesis and is a genuine beneficiary of utility modernization capex. However; the stock lacks the catalyst density needed for 50-100%+ returns. Recent quarters show slowing growth; Q3 missed revenue estimates; and an,YES
2026-01-09 20:45:21,CGON,53.92,1.58,100,31.7,29.6,TIER1,Healthcare / Biotech,0.0,100,GOOD FIT,TRADE,4,BULLISH,High (50%+),Rolling BLA submission initiated for cretostimogene with completion expected 2026 - potential FDA approval by late 2026; PIVOT-006 Phase 3 data now expected 1H 2026 (nearly 1 year ahead of schedule) -,FDA approval is binary risk - regulatory rejection would devastate stock; Short interest at 15.2% creates elevated volatility risk; Pre-revenue biotech with significant ongoing losses; Single-asset fo,CGON presents a compelling asymmetric biotech setup with multiple de-risking catalysts within 90 days. The company has initiated a rolling BLA for cretostimogene (FDA Fast Track + Breakthrough Therapy designations) with potential approval by late 2026; and just announced PIVOT-006 Phase 3 data exped,YES
2026-01-12 23:51:43,TRON,1.66,2.89,87.0,11.4,-3.5,TIER1,,0.0,0,SKIPPED,TECHNICAL_ONLY,0,,,,,,NO
2026-01-13 01:04:52,TRON,1.66,2.89,87.0,11.4,-3.5,TIER1,,0.0,0,SKIPPED,TECHNICAL_ONLY,0,,,,,,NO
2026-01-13 01:11:36,TRON,1.66,2.89,87.0,11.4,-3.5,TIER1,,0.0,0,SKIPPED,TECHNICAL_ONLY,0,,,,,,NO
2026-01-13 01:13:22,TRON,1.66,2.89,87.0,11.4,-3.5,TIER1,,0.0,0,SKIPPED,TECHNICAL_ONLY,0,,,,,,NO
2026-01-13 17:42:28,TRON,1.71,2.89,100,14.4,6.6,TIER1,,0.0,0,ERROR,CONSIDER,0,UNKNOWN,Uncertain,,Could not complete analysis,Analysis failed after 5 attempts,YES
2026-01-13 17:42:28,KOPN,3.05,2.63,100,26.9,23.3,TIER1,,0.0,0,ERROR,CONSIDER,0,UNKNOWN,Uncertain,,Could not complete analysis,Analysis failed after 5 attempts,YES
2026-01-13 17:42:28,COMM,19.54,2.6,82.8,6.8,2.7,TIER1,,0.0,0,ERROR,CONSIDER,0,UNKNOWN,Uncertain,,Could not complete analysis,Analysis failed after 5 attempts,YES
2026-01-13 17:42:28,AEHR,27.1,2.53,100,24.3,18.2,TIER1,,0.0,0,ERROR,CONSIDER,0,UNKNOWN,Uncertain,,Could not complete analysis,Analysis failed after 5 attempts,YES
2026-01-13 17:42:28,QUBT,11.91,2.52,76.3,9.4,9.2,TIER1,,0.0,0,ERROR,CONSIDER,0,UNKNOWN,Uncertain,,Could not complete analysis,Analysis failed after 5 attempts,YES
2026-01-13 17:42:28,INOD,64.67,2.5,100,22.0,31.4,TIER1,,0.0,0,ERROR,CONSIDER,0,UNKNOWN,Uncertain,,Could not complete analysis,Analysis failed after 5 attempts,YES
2026-01-13 17:42:28,RXRX,4.71,2.38,75.8,10.6,12.1,TIER1,,0.0,0,ERROR,CONSIDER,0,UNKNOWN,Uncertain,,Could not complete analysis,Analysis failed after 5 attempts,YES
2026-01-13 17:42:28,SYM,72.14,2.36,100,22.3,20.8,TIER1,,0.0,0,ERROR,CONSIDER,0,UNKNOWN,Uncertain,,Could not complete analysis,Analysis failed after 5 attempts,YES
2026-01-13 17:42:28,ACHR,8.48,2.32,62.0,4.0,8.4,TIER2,,0.0,0,ERROR,CONSIDER,0,UNKNOWN,Uncertain,,Could not complete analysis,Analysis failed after 5 attempts,YES
2026-01-13 17:42:28,QBTS,29.28,2.31,72.8,9.2,23.4,TIER1,,0.0,0,ERROR,CONSIDER,0,UNKNOWN,Uncertain,,Could not complete analysis,Analysis failed after 5 attempts,YES
2026-01-13 17:42:28,BBBY,6.6,2.28,90.2,9.6,5.6,TIER1,,0.0,0,ERROR,CONSIDER,0,UNKNOWN,Uncertain,,Could not complete analysis,Analysis failed after 5 attempts,YES
2026-01-13 17:42:28,MPWR,984.97,2.26,69.6,5.3,3.9,TIER2,,0.0,0,ERROR,CONSIDER,0,UNKNOWN,Uncertain,,Could not complete analysis,Analysis failed after 5 attempts,YES
2026-01-13 17:42:28,SEI,54.63,2.25,100,21.5,25.4,TIER1,,0.0,0,ERROR,CONSIDER,0,UNKNOWN,Uncertain,,Could not complete analysis,Analysis failed after 5 attempts,YES
2026-01-13 17:42:28,AUR,4.61,2.24,93.9,10.9,10.4,TIER1,,0.0,0,ERROR,CONSIDER,0,UNKNOWN,Uncertain,,Could not complete analysis,Analysis failed after 5 attempts,YES
2026-01-13 17:42:28,PCT,10.49,2.22,100,18.1,31.0,TIER1,,0.0,0,ERROR,CONSIDER,0,UNKNOWN,Uncertain,,Could not complete analysis,Analysis failed after 5 attempts,YES
2026-01-13 17:42:28,OUST,28.09,2.18,100,26.4,27.2,TIER1,,0.0,0,ERROR,CONSIDER,0,UNKNOWN,Uncertain,,Could not complete analysis,Analysis failed after 5 attempts,YES
2026-01-13 17:42:28,NFE,1.25,2.17,71.4,2.9,4.6,TIER1,,0.0,0,ERROR,CONSIDER,0,UNKNOWN,Uncertain,,Could not complete analysis,Analysis failed after 5 attempts,YES
2026-01-13 17:42:28,RZLV,3.65,2.17,100,43.1,57.3,TIER1,,0.0,0,ERROR,CONSIDER,0,UNKNOWN,Uncertain,,Could not complete analysis,Analysis failed after 5 attempts,YES
2026-01-13 17:42:28,ACDC,4.47,2.15,100,17.5,7.6,TIER1,,0.0,0,ERROR,CONSIDER,0,UNKNOWN,Uncertain,,Could not complete analysis,Analysis failed after 5 attempts,YES
2026-01-13 17:42:28,APLD,37.14,2.07,100,33.4,61.6,TIER1,,0.0,0,ERROR,CONSIDER,0,UNKNOWN,Uncertain,,Could not complete analysis,Analysis failed after 5 attempts,YES
2026-01-13 17:42:28,FLNC,25.03,2.03,100,25.4,16.3,TIER1,,0.0,0,ERROR,CONSIDER,0,UNKNOWN,Uncertain,,Could not complete analysis,Analysis failed after 5 attempts,YES
2026-01-13 17:42:28,RXO,15.03,1.98,99.8,10.8,0.2,TIER1,,0.0,0,ERROR,CONSIDER,0,UNKNOWN,Uncertain,,Could not complete analysis,Analysis failed after 5 attempts,YES
2026-01-13 17:42:28,ASPI,7.4,1.96,100,21.7,30.1,TIER1,,0.0,0,ERROR,CONSIDER,0,UNKNOWN,Uncertain,,Could not complete analysis,Analysis failed after 5 attempts,YES
2026-01-13 17:42:28,BE,144.69,1.93,100,62.9,61.5,TIER1,,0.0,0,ERROR,CONSIDER,0,UNKNOWN,Uncertain,,Could not complete analysis,Analysis failed after 5 attempts,YES
2026-01-13 17:42:28,DNA,9.9,1.91,100,22.2,14.2,TIER1,,0.0,0,ERROR,CONSIDER,0,UNKNOWN,Uncertain,,Could not complete analysis,Analysis failed after 5 attempts,YES
2026-01-13 17:42:28,PRME,4.21,1.87,100,15.7,4.2,TIER1,,0.0,0,ERROR,CONSIDER,0,UNKNOWN,Uncertain,,Could not complete analysis,Analysis failed after 5 attempts,YES
2026-01-13 17:42:28,LEU,309.53,1.83,100,18.2,35.3,TIER1,,0.0,0,ERROR,CONSIDER,0,UNKNOWN,Uncertain,,Could not complete analysis,Analysis failed after 5 attempts,YES
2026-01-13 17:42:28,ZBRA,264.13,1.68,71.4,5.0,-0.4,TIER1,,0.0,0,ERROR,CONSIDER,0,UNKNOWN,Uncertain,,Could not complete analysis,Analysis failed after 5 attempts,YES
2026-01-13 17:42:28,XPRO,15.27,1.66,100,17.7,10.8,TIER1,,0.0,0,ERROR,CONSIDER,0,UNKNOWN,Uncertain,,Could not complete analysis,Analysis failed after 5 attempts,YES
2026-01-13 17:42:28,RIG,4.38,1.65,81.6,10.3,7.4,TIER1,,0.0,0,ERROR,CONSIDER,0,UNKNOWN,Uncertain,,Could not complete analysis,Analysis failed after 5 attempts,YES
2026-01-13 17:42:28,CWH,11.69,1.64,100,16.9,16.9,TIER1,,0.0,0,ERROR,CONSIDER,0,UNKNOWN,Uncertain,,Could not complete analysis,Analysis failed after 5 attempts,YES
2026-01-13 17:42:28,HYLN,2.07,1.63,93.2,11.3,12.5,TIER1,,0.0,0,ERROR,CONSIDER,0,UNKNOWN,Uncertain,,Could not complete analysis,Analysis failed after 5 attempts,YES
2026-01-13 17:42:28,APA,25.84,1.6,76.7,7.1,2.3,TIER1,,0.0,0,ERROR,CONSIDER,0,UNKNOWN,Uncertain,,Could not complete analysis,Analysis failed after 5 attempts,YES
2026-01-13 17:42:28,ELF,87.19,1.6,93.7,8.4,10.9,TIER1,,0.0,0,ERROR,CONSIDER,0,UNKNOWN,Uncertain,,Could not complete analysis,Analysis failed after 5 attempts,YES
2026-01-13 17:42:28,OS,23.61,1.6,72.0,28.2,39.0,TIER1,,0.0,0,ERROR,CONSIDER,0,UNKNOWN,Uncertain,,Could not complete analysis,Analysis failed after 5 attempts,YES
2026-01-13 17:42:28,OLED,124.28,1.59,67.9,6.3,4.7,TIER2,,0.0,0,ERROR,CONSIDER,0,UNKNOWN,Uncertain,,Could not complete analysis,Analysis failed after 5 attempts,YES
2026-01-13 17:42:28,GPRE,11.31,1.57,100,20.3,15.4,TIER1,,0.0,0,ERROR,CONSIDER,0,UNKNOWN,Uncertain,,Could not complete analysis,Analysis failed after 5 attempts,YES
2026-01-13 17:42:28,IBRX,2.85,1.57,100,37.0,28.4,TIER1,,0.0,0,ERROR,CONSIDER,0,UNKNOWN,Uncertain,,Could not complete analysis,Analysis failed after 5 attempts,YES
2026-01-13 17:42:28,FUN,15.77,1.55,79.1,12.0,7.6,TIER1,,0.0,0,ERROR,CONSIDER,0,UNKNOWN,Uncertain,,Could not complete analysis,Analysis failed after 5 attempts,YES
2026-01-13 17:42:28,INTC,47.64,1.55,100,29.4,27.0,TIER1,,0.0,0,ERROR,CONSIDER,0,UNKNOWN,Uncertain,,Could not complete analysis,Analysis failed after 5 attempts,YES
2026-01-13 17:42:28,ADPT,18.11,1.53,98.8,6.5,15.4,TIER1,,0.0,0,ERROR,CONSIDER,0,UNKNOWN,Uncertain,,Could not complete analysis,Analysis failed after 5 attempts,YES
2026-01-13 17:42:28,ABAT,5.05,1.52,100,27.1,28.4,TIER1,,0.0,0,ERROR,CONSIDER,0,UNKNOWN,Uncertain,,Could not complete analysis,Analysis failed after 5 attempts,YES
2026-01-13 17:42:28,ABCL,4.32,1.5,100,20.1,23.2,TIER1,,0.0,0,ERROR,CONSIDER,0,UNKNOWN,Uncertain,,Could not complete analysis,Analysis failed after 5 attempts,YES
2026-01-13 17:42:28,KC,12.89,1.5,100,14.0,18.9,TIER1,,0.0,0,ERROR,CONSIDER,0,UNKNOWN,Uncertain,,Could not complete analysis,Analysis failed after 5 attempts,YES
2026-01-18 22:06:24,AOSL,22.51,2.78,84.4,10.7,12.0,TIER1,Power Grid Infrastructure & Electrical Equipment,0.0,75,GOOD FIT,CONSIDER,0,UNKNOWN,Uncertain,,Could not complete analysis,Analysis failed after 5 attempts,YES
2026-01-18 22:06:24,AEHR,28.81,2.5,100,32.1,34.2,TIER1,Power Grid Infrastructure & Electrical Equipment,0.0,60,STRONG FIT,CONSIDER,2,NEUTRAL,High (50%+),Recent $5.5M systems orders; Strong theme alignment with power/electrical infrastructure; 133% expected EPS growth next quarter,Recent insider selling by directors; Price targets being lowered; High short interest at 16.8%,AEHR has decent catalyst potential with earnings in April and recent order wins; fitting strongly into hot power infrastructure theme. However; recent director sales and analyst downgrades create timing concerns despite no immediate disqualifiers.,YES
2026-01-18 22:06:24,INOD,61.54,2.48,78.3,16.1,28.3,TIER1,Power Grid Infrastructure & Electrical Equipment,0.0,80,STRONG FIT,TRADE,4,BULLISH,High (50%+),Strong Buy consensus from 4 analysts with $93.75 avg target (47% upside from $63.69); Q4 earnings expected 340% YoY growth ($0.22 vs $0.05) on Feb 20; Recent Q3 massive beat: $0.35 actual vs $0.07 est,High beta 2.44 - volatile stock with big swings; Recent insider selling from COO and Director; Premium valuation at 63x P/E,Strong setup with clear Q4 earnings catalyst in 33 days showing 340% expected YoY growth; unanimous Strong Buy rating from analysts with 47% upside targets; and perfect AI/power infrastructure theme alignment. Recent insider sales are minor concern but likely profit-taking given massive recent gains,YES
2026-01-18 22:06:24,ACHR,8.86,2.31,73.2,8.6,13.3,TIER1,Defense & Aerospace,0.0,85,STRONG FIT,CONSIDER,3,BULLISH,High (50%+),Strong analyst coverage with $12.40 average price target (40% upside); 2028 Olympics air taxi contract provides clear commercialization timeline; FAA certification progress creating re-rating catalyst,Widespread insider selling by executives suggests limited near-term confidence; Pre-revenue company with high execution risk; Recent earnings miss of -$0.47 vs -$0.24 consensus estimate,ACHR has strong catalysts with Olympics deployment and FAA certification; plus bullish Street consensus. However; unanimous insider selling across all executives (CEO; CTO; CFO; CLO) raises concerns about management confidence in near-term execution despite 10b5-1 plans.,YES
2026-01-18 22:06:24,RIOT,19.24,2.3,100,32.7,43.8,TIER1,Power Grid Infrastructure & Electrical Equipment,0.0,85,GOOD FIT,SKIP,2,BULLISH,High (50%+),Strong analyst consensus with $27.19 avg price target (+114%); AI data center pivot strategy; Strong Buy rating from 16 analysts,Bitcoin price volatility exposure; High beta 3.85 creates extreme volatility; Theme classification error - not infrastructure play,RIOT fails the gatekeeper test due to theme misalignment and CFO transition red flag. While analysts show strong bullish sentiment with 114% upside targets; RIOT is a Bitcoin mining company pivoting to AI data centers; not a Power Grid Infrastructure play as classified. The CFO transition on March 1,NO
2026-01-18 22:06:24,QUBT,12.7,2.29,98.0,16.6,22.8,TIER1,Power Grid Infrastructure & Electrical Equipment,0.0,90,GOOD FIT,SKIP,1,BULLISH,Uncertain,Average analyst price target $26.33 (136% upside); Recent $110M Luminar Semiconductor acquisition; Quantum computing theme momentum,Minimal revenue generation ($546k TTM); Massive cash burn (-$68M losses); Insider selling by key executives,QUBT is a quantum computing company misaligned with the assigned 'Power Grid Infrastructure' theme. Despite quantum computing theme momentum and bullish analyst targets; the company shows severe red flags including significant executive insider selling; minimal revenue ($546k TTM); and massive losse,NO
2026-01-18 22:06:24,SEI,56.87,2.23,100,26.5,32.1,TIER1,Power Grid Infrastructure & Electrical Equipment,0.0,85,STRONG FIT,SKIP,1,NEUTRAL,Uncertain,Recent earnings beats; Positive EPS growth trajectory; Some insider buying activity,"Company operates in oil/gas midstream, not power grid; Wrong sector for assigned theme; Earnings timing risk",<cite index='1-2;1-14;1-17;6-14;7-1'>SEI reports Q4 earnings January 28-29; 2026; creating immediate binary risk</cite>. Critical issue: <cite index='10-1;10-2'>SEI ticker represents Solaris Energy Infrastructure (13.23% short interest; $447M revenue); an oil/gas midstream company</cite>; not electr,NO
2026-01-18 22:06:24,OUST,26.36,2.18,79.0,18.6,23.2,TIER1,Defense & Aerospace,0.0,60,GOOD FIT,TRADE,4,BULLISH,High (50%+),Strong Buy consensus with $34.80 price target (60.81% upside); Defense/Aerospace theme exposure via LiDAR sensors for industrial/military applications; Revenue growth trajectory with 33% increase to $,Recent Q3 2025 earnings miss (-$0.37 vs -$0.28 expected); Still loss-making with -$88M losses over 12 months; High valuation at 9.17x price-to-sales,OUST shows strong analyst conviction with Strong Buy consensus and 60%+ price target upside. The company fits Defense theme via LiDAR technology for industrial/defense applications. While Q3 earnings missed; the setup has clear catalyst timing and no severe red flags.,YES
2026-01-18 22:06:24,APLD,37.4,2.11,100,34.3,56.5,TIER1,Power Grid Infrastructure & Electrical Equipment,0.0,80,GOOD FIT,TRADE,5,BULLISH,High (50%+),"100% analyst buy rating (10/10 analysts) with average PT $49.70 (+37% upside); Massive revenue acceleration projected: $280-297M FY26 (+30-38%), $541-553M FY27 (+86-93%); Strong execution: First 100MW",High short interest (33% of float) creates volatility risk; Construction/supply chain delays could impact 2026 milestones; Recent insider selling by CEO and directors signals near-term caution,APLD presents exceptional asymmetric upside with clear catalysts and unanimous analyst support despite recent insider selling. The company's AI data center infrastructure directly addresses the power grid bottleneck theme with massive contracted revenue visibility ($16B+ in total leases). Strong exe,YES
2026-01-18 22:06:24,FLNC,27.08,2.1,100,35.7,40.2,TIER1,Power Grid Infrastructure & Electrical Equipment,0.0,100,STRONG FIT,SKIP,1,BEARISH,Uncertain,Strong theme fit in AI power infrastructure bottleneck; $4.9B backlog plus $1.1B new contracts; CFO bought $100k worth at $6.48 in Feb 2025,Binary earnings risk in 17 days; Track record of massive misses; Deteriorating fundamentals; Extreme short positioning,Despite strong theme alignment and solid backlog; FLNC has multiple severe disqualifiers: earnings in dangerous 17-day window with track record of massive misses; deteriorating fundamentals (revenue down 15% YoY; EPS estimates worsening); and extreme 35% short interest suggesting institutional beari,NO
2026-01-18 22:06:24,AEIS,253.86,1.99,100,17.5,21.6,TIER1,Power Grid Infrastructure & Electrical Equipment,0.0,85,STRONG FIT,TRADE,4,BULLISH,High (50%+),Record data center revenue growing 80%+ YoY; Strong Q3 beat ($1.74 vs $1.47 est) with 24% revenue growth; Analyst upgrades with $290 target (14% upside from current); Gross margins expanding to 39%+ f,Insider selling by CFO and EVP in Nov (routine executive sales); Semiconductor segment sequential decline; High valuation at 67x PE,AEIS shows strong catalyst convergence with Q4 earnings expected early February amid record data center growth and expanding margins. Recent analyst upgrades to Strong Buy with $290 targets indicate institutional re-rating underway. No dealbreaker red flags present.,YES
2026-01-18 22:06:24,ASPI,7.74,1.93,100,27.3,33.7,TIER1,Nuclear Power & Small Modular Reactors,0.0,75,GOOD FIT,CONSIDER,3,BULLISH,High (50%+),Strong nuclear/isotope theme momentum with AI power demand; Revenue beat expectations by 117% ($4.89M vs $2.25M est); Analyst targets $11-15 range vs $7.74 current (42-94% upside); Renergen acquisitio,Negative margins (-1259%) indicate pre-profitability; Heavy insider selling suggests management lacks confidence; Binary risk on Renergen deal completion by Jan 30,Strong nuclear theme fit with solid analyst support and M&A catalyst; but recent heavy insider selling including CFO creates confidence concerns. Revenue growth strong but profitability distant.,YES
2026-01-18 22:06:24,JOBY,15.43,1.91,67.2,8.5,11.4,TIER2,Defense & Aerospace,0.0,60,STRONG FIT,CONSIDER,3,NEUTRAL,High (50%+),Type Certification progress with power-on testing underway; Manufacturing ramp-up: 15x more FAA-conforming parts in 2025; Strong cash position with ~$978M plus $576M raised in Oct; Ohio facility acqui,Coordinated insider selling signals potential near-term weakness; Still burning significant cash with -$172M losses in Q3; Analyst consensus mixed: average target $15.67 vs current $15.43,JOBY has strong catalysts with Type Certification progress and manufacturing scale-up; plus fits Defense & Aerospace theme well. However; massive coordinated insider selling across CEO; CFO and multiple executives on Jan 13-14 creates timing concerns despite fundamentals improving.,YES
2026-01-18 22:06:24,LEU,331.03,1.81,100,26.5,44.1,TIER1,Nuclear Power & Small Modular Reactors,0.0,85,STRONG FIT,CONSIDER,3,BULLISH,High (50%+),Only US HALEU producer - monopolistic positioning; Record $220 SWU pricing vs historic levels; $3.9B backlog extending to 2040; Strong analyst consensus with $294 avg target (+11% upside); DOE waivers,Recent CFO departure creates uncertainty; Earnings in binary risk window; Recent $1B dilution authorization; High volatility stock (14% weekly); Execution risk on HALEU production scale-up,LEU has exceptional asymmetric setup as only US HALEU producer with monopolistic positioning and record pricing; but recent CFO transition and earnings proximity create near-term uncertainty. <cite index='6-2;6-15'>Strong fundamentals with $3.9B backlog extending to 2040</cite> and <cite index='6-13,YES
2026-01-18 22:06:24,SPIR,12.11,1.73,100,53.7,65.9,TIER1,Defense & Aerospace,0.0,65,GOOD FIT,CONSIDER,3,BULLISH,High (50%+),Missile Defense Agency SHIELD contract win positions for multi-billion dollar task orders; Over $200M remaining performance obligations providing multi-year revenue visibility; Strong balance sheet wi,Q3 revenue miss ($12.7M vs higher expectations) causing 22% stock decline; Maritime business divestiture created revenue headwind masking true growth; Chairman insider selling $2.8M in shares over pas,Strong defense catalyst with MDA SHIELD contract offering massive task order potential; but recent earnings disappointment and insider selling suggest waiting for better entry after earnings dust settles. Solid fundamentals with 200M+ backlog and debt-free balance sheet support thesis.,YES
2026-01-18 22:06:24,POWL,419.98,1.65,100,26.2,27.7,TIER1,Power Grid Infrastructure & Electrical Equipment,0.0,80,STRONG FIT,TRADE,4,BULLISH,Uncertain,"Recent Q4 earnings beat by 12% ($4.22 vs $3.76); Strong analyst consensus with 'Strong Buy' rating; Net cash position of $432M ($35.78/share) - fortress balance sheet; Record margins at 31.4% in Q4, e",Earnings timing creates binary event risk (Feb 6); Recent insider selling by VP; Stock already up 180% from $146 52-week low; Some technical weakness noted with recent pivot top,POWL is a perfect thematic fit for the AI power infrastructure bottleneck with record margins and strong earnings momentum. Despite no immediate catalyst beyond Feb earnings; the recent beat and analyst upgrades support continuation. Minor red flags from insider selling don't offset strong fundament,YES
2026-01-18 22:06:24,WCC,281.63,1.58,87.3,12.0,15.2,TIER1,Power Grid Infrastructure & Electrical Equipment,0.0,85,STRONG FIT,TRADE,4,BULLISH,High (50%+),Data center segment exploding with 70% growth driving theme momentum; Strong earnings beat history (last quarter +11.18% surprise) with rising estimates; Multiple recent analyst upgrades with $288 avg,Utility segment weakness persisting into 2025; CFO David Schulz selling shares (though scheduled trading),WCC perfectly fits the AI power infrastructure bottleneck theme with explosive 70% data center growth. Clean earnings catalyst in 24 days with strong beat probability. CFO selling is manageable risk under normal patterns.,YES
2026-01-21 23:52:36,GLXY,32.45,3.28,100,38.7,31.9,TIER1,,0.0,0,SKIPPED,TECHNICAL_ONLY,0,,,,,,NO
2026-01-21 23:52:36,BKKT,16.31,3.13,64.7,54.7,54.3,TIER2,,0.0,0,SKIPPED,TECHNICAL_ONLY,0,,,,,,NO
2026-01-21 23:52:36,BTDR,14.19,2.74,97.1,32.1,25.8,TIER1,,0.0,0,SKIPPED,TECHNICAL_ONLY,0,,,,,,NO
2026-01-22 13:29:24,GLXY,32.45,3.28,100,38.7,31.9,TIER1,Power Grid Modernization & Nuclear,0.0,50,STRONG FIT,SKIP,1,BULLISH,Uncertain,"Recent record Q3 with $505M net income and massive $9B Bitcoin transaction; 8 buy ratings, 0 sell ratings from analysts; One director (Deason) consistently buying shares","Massive insider selling by CEO and major stakeholders; Next earnings not until March 2026 with negative EPS guidance; Company appears to be crypto/digital assets focus, not power grid infrastructure",Despite strong Q3 results; this is a clear FAIL due to massive insider selling ($248M+ by CEO alone) combined with negative earnings guidance for Q4 and no meaningful catalyst until March 2026. The theme fit is also questionable - this is primarily a digital assets/crypto company; not power grid inf,NO
2026-01-22 13:29:24,BTDR,14.19,2.74,97.1,32.1,25.8,TIER1,AI Cooling & Data Center Infrastructure,0.0,75,STRONG FIT,SKIP,2,BULLISH,High (50%+),Strong analyst consensus with $32.60 avg price target (177% upside); Q3 revenue up 173.6% YoY to $169.7M; AI/HPC strategic pivot aligns with theme momentum,Massive dilution overhang from $1B shelf + recent $548M capital raise; Legal risk from securities class actions; High burn rate with persistent losses,Despite strong fundamentals and theme alignment; BTDR faces severe dilution risk with a $1B shelf filing (35% of market cap) plus recent $548M raise; creating massive overhang. Class action lawsuits add legal risk that could trigger volatility regardless of operating performance.,NO
2026-01-22 13:29:24,LTBR,18.07,2.37,100,31.4,22.3,TIER1,Power Grid Modernization & Nuclear,0.0,95,GOOD FIT,CONSIDER,3,NEUTRAL,High (50%+),Strong cash position of $97.9M; Nuclear fuel technology aligned with AI power demands; Active patent development and testing milestones; 257% YTD return shows momentum; Strategic partnership with OKLO,Heavy insider selling suggests lack of confidence; Company still pre-revenue with continued losses; Technical sell signals in place; High volatility with 52-week range $5.01-$31.34,LTBR has solid nuclear fuel catalysts and strong cash position; but extensive insider selling across C-suite and directors creates confidence concerns. While the technology is promising for power grid modernization theme; the selling pattern suggests management may be taking profits at current level,YES
2026-01-22 13:29:24,SMR,19.75,2.37,87.8,33.0,20.2,TIER1,Power Grid Modernization & Nuclear,0.0,90,STRONG FIT,SKIP,1,BULLISH,High (50%+),Strong analyst consensus with $35.25 avg price target (84% upside); Nuclear theme momentum with AI power demand; Recent Duke Energy interest providing validation,Catastrophic earnings execution track record; Ongoing massive dilution destroying shareholder value; Heavy insider selling signals lack of confidence,<cite index='10-4;12-3;12-5'>The stock shows severe execution risk with a catastrophic 1;323% earnings miss in Q3 and $139M of insider selling in 90 days while the stock declined 63.8%.</cite> <cite index='1-3'>Share count increased 128% in one year indicating massive ongoing dilution.</cite>,NO
2026-01-22 13:29:24,AMSC,31.81,2.27,63.9,4.0,-0.2,TIER2,Power Grid Modernization & Nuclear,0.0,70,STRONG FIT,CONSIDER,3,BULLISH,High (50%+),Record bookings of $127M in recent quarter; Major Brazil acquisition expands addressable market; Grid segment revenue projected $16M/quarter; Strong earnings beat history (575% surprise last quarter),Earnings in 14 days creates binary risk; Recent share registration suggests potential dilution; Reliance on partner Inox for wind segment,Strong fundamental setup with major catalyst momentum from Brazil acquisition and grid modernization theme; but earnings timing creates near-term volatility risk that could disrupt entry.,YES
2026-01-22 13:29:24,RMBS,125.93,2.24,100,33.8,32.2,TIER1,AI Cooling & Data Center Infrastructure,0.0,40,GOOD FIT,CONSIDER,3,BULLISH,High (50%+),"Strong analyst consensus: 7 Buy ratings, avg target $113.50 (+22% upside); Record DDR5 revenue growth driven by AI data center demand; Q4 earnings expecting 23.4% YoY growth to $0.58 EPS","Earnings binary risk in 12 days (Feb 3); Recent insider selling pattern (0 buys, 8 sells in 6 months); High valuation (47x P/E) vulnerable to disappointment",Strong AI infrastructure catalyst with bullish analyst consensus and expected earnings beat; but timing is problematic with earnings in 12 days creating binary risk. Recent insider selling adds minor concern.,YES
2026-01-22 13:29:24,CORZ,18.2,2.06,88.6,19.0,15.3,TIER1,AI Cooling & Data Center Infrastructure,0.0,85,STRONG FIT,CONSIDER,3,BULLISH,High (50%+),Strong AI/HPC data center pivot aligns with PRIME AI infrastructure theme; Recent director insider buying ($500K+ in March 2025) shows board confidence; Analyst consensus Buy rating with $22.47 price ,Recent dilution from $550M convertible notes creates overhead resistance at $22.49; Revenue projections cut from $428M to $326M for 2025 due to power/pricing challenges; Binary earnings risk in 113 da,CORZ fits the AI infrastructure theme perfectly and has solid catalysts; but faces timing headwinds from recent dilution and earnings 113+ days away. The convertible notes create natural resistance at $22.49 conversion price; limiting near-term upside despite strong fundamentals.,YES
2026-01-22 13:29:24,EOSE,17.53,1.9,100,47.9,36.0,TIER1,Energy Storage & Grid Batteries,0.0,95,GOOD FIT,CONSIDER,2,NEUTRAL,High (50%+),Theme momentum with AI data center power needs driving storage demand; Analyst price targets increased 80.73% in Oct 2025; Multiple buy ratings from Guggenheim and Stifel; Znyth battery technology dif,Binary earnings risk with March 4 date approaching; Massive short squeeze potential but also massive short pressure; Severe cash burn and operational losses; Heavy insider selling suggests management ,Strong thematic fit for energy storage bottleneck; but extreme short interest (88% of float) and heavy insider selling create dangerous setup. Upcoming March 4 earnings too close for comfort with recent massive miss.,YES
2026-01-22 13:29:24,IESC,474.43,1.89,100,17.7,17.5,TIER1,Industrials Manufacturing Renaissance,0.0,60,GOOD FIT,TRADE,4,BULLISH,High (50%+),"Strong earnings momentum - 15.7% revenue growth Q4, 54.2% earnings growth TTM; Perfect positioning for AI data center infrastructure boom; ROE of 41.3% shows exceptional capital efficiency; Wall Stree","Stock near 52-week high ($482), limited room for multiple expansion; Earnings beat expectations needed given strong recent performance",IESC shows exceptional fundamentals with 54% earnings growth and strong positioning in the AI infrastructure buildout theme. Despite heavy insider selling (likely tax-related given year-end timing); the business momentum and data center catalyst outweigh concerns. Earnings in 13 days provides near-t,YES
2026-01-22 13:29:24,STRL,362.53,1.77,100,14.5,15.8,TIER1,AI Cooling & Data Center Infrastructure,0.0,65,STRONG FIT,TRADE,4,BULLISH,High (50%+),"Strong Buy consensus with $455 avg price target (+52% upside); Q3 revenues up 16% YoY to $689M; Net cash position $356M, strong balance sheet; Perfect AI infrastructure theme fit - data centers/e-infr",Recent insider selling could signal valuation concerns; High expectations baked into price; Construction cyclical exposure,STRL fits perfectly in hot AI infrastructure theme with strong analyst support (Strong Buy; $455 avg target = 52% upside). Q4 earnings Feb 24 provides near-term catalyst with recent Q3 beat precedent. Minor red flag from recent director sale but strong fundamentals and theme momentum outweigh.,YES
2026-01-22 13:29:24,IPGP,85.45,1.66,100,13.7,13.6,TIER1,Metals Supply Chain Critical Materials,0.0,35,GOOD FIT,CONSIDER,3,BULLISH,Uncertain,Strong Q3 beat with $0.35 EPS vs $0.16 consensus; Citigroup upgrade from Sell to Buy with $105 PT; Defense applications (CROSSBOW) gaining traction with Lockheed Martin,No clear near-term catalyst post Q3 earnings; Ongoing tariff headwinds affecting margins; Major shareholders and insiders selling consistently,IPGP shows strong fundamentals with recent earnings beat but lacks a clear catalyst for 50-100% returns. Heavy insider selling from major shareholders and executives creates negative sentiment despite bullish analyst upgrades.,YES
2026-01-22 13:29:24,AAON,95.64,1.56,100,26.2,27.4,TIER1,AI Cooling & Data Center Infrastructure,0.0,30,GOOD FIT,TRADE,4,BULLISH,High (50%+),Record backlog $1.32B (+103.8% YoY) provides revenue visibility; Data center cooling solutions perfectly aligned with AI infrastructure boom; Strong analyst price targets median $118 (+55% upside); Re,ERP implementation headwinds may persist; Construction market softness; High valuation multiple (P/E 65x),Strong asymmetric setup with record backlog providing earnings catalyst visibility; perfect positioning in AI cooling bottleneck theme; and bullish analyst sentiment despite temporary ERP issues that create entry opportunity.,YES
2026-01-22 13:29:24,AGX,397.42,1.56,100,22.2,17.6,TIER1,Power Grid Modernization & Nuclear,0.0,85,GOOD FIT,CONSIDER,3,NEUTRAL,Uncertain,Strong balance sheet with $572M cash and zero debt; Record $2B backlog with major power projects; Strong margins improving to 18.6% from 13.7%,"Analyst downgrades post-earnings (JPM, Lake Street to Hold); Stock trading above analyst price targets ($397 vs $365 avg); Heavy insider selling pattern suggests potential overvaluation",AGX fits the Power Grid theme well with strong fundamentals and record backlog; but lacks clear catalyst for 50-100% returns. Recent earnings disappointment and analyst downgrades suggest momentum has stalled near current levels.,YES
2026-01-22 13:29:24,FLR,44.8,1.52,73.5,9.8,9.8,TIER1,Industrials Manufacturing Renaissance,0.0,55,STRONG FIT,CONSIDER,3,NEUTRAL,High (50%+),Starboard Value activist campaign pushing for NuScale value unlock; 39% stake in NuScale SMR nuclear technology; Strong infrastructure theme exposure; Analyst price targets 9.79% upside to $48.90,Recent $653M Santos litigation loss; Volatile project-based earnings; High execution risk on large projects,Strong theme fit with multiple catalysts but timing concerns around earnings volatility and recent major loss. Starboard activism creates near-term catalyst but stock needs time to digest Santos impact.,YES
