timestamp,symbol,tier,price,beta,banker,momentum_4w,return_20d,theme,theme_score,pure_play_score,theme_verdict,final_decision,conviction,sector_status,upside_potential,bullish_factors,risk_factors,reasoning
2026-01-05 18:20:31,RCAT,TIER1,10.41,2.67,100,29.5,29.8,,0.0,0,SKIPPED,PASSED_THEME,0,,,,,
2026-01-05 18:20:31,UCTT,TIER1,29.73,2.29,100,14.1,13.3,,0.0,0,SKIPPED,PASSED_THEME,0,,,,,
2026-01-05 18:20:31,PI,TIER2,171.58,2.14,69.2,18.1,8.4,,0.0,0,SKIPPED,PASSED_THEME,0,,,,,
2026-01-05 18:20:31,CC,TIER1,12.73,2.08,70.3,-1.7,0.2,,0.0,0,SKIPPED,PASSED_THEME,0,,,,,
2026-01-05 18:20:31,ALGM,TIER1,28.56,1.94,74.3,5.3,-2.3,,0.0,0,SKIPPED,PASSED_THEME,0,,,,,
2026-01-05 18:20:31,FIX,TIER1,1037.41,1.81,94.3,7.2,3.6,,0.0,0,SKIPPED,PASSED_THEME,0,,,,,
2026-01-05 18:20:31,PENG,TIER3,20.86,1.75,56.9,0.1,-3.3,,0.0,0,SKIPPED,PASSED_THEME,0,,,,,
2026-01-05 18:20:31,TMC,TIER2,7.28,1.69,60.8,9.6,-4.2,,0.0,0,SKIPPED,PASSED_THEME,0,,,,,
2026-01-05 18:20:31,IBKR,TIER1,70.96,1.65,96.0,10.6,10.0,,0.0,0,SKIPPED,PASSED_THEME,0,,,,,
2026-01-05 18:20:31,XYZ,TIER1,68.93,1.62,86.3,6.5,12.8,,0.0,0,SKIPPED,PASSED_THEME,0,,,,,
2026-01-05 18:20:31,BBWI,TIER1,20.72,1.6,74.8,3.3,10.0,,0.0,0,SKIPPED,PASSED_THEME,0,,,,,
2026-01-05 18:20:31,TLN,TIER1,387.65,1.53,77.0,8.8,9.4,,0.0,0,SKIPPED,PASSED_THEME,0,,,,,
2026-01-05 18:20:31,PENN,TIER1,15.39,1.51,86.0,7.8,11.4,,0.0,0,SKIPPED,PASSED_THEME,0,,,,,
2026-01-05 18:20:31,REZI,TIER2,36.31,1.51,64.1,0.3,7.4,,0.0,0,SKIPPED,PASSED_THEME,0,,,,,
2026-01-05 18:20:31,VECO,TIER2,31.57,1.5,65.3,3.1,-1.5,,0.0,0,SKIPPED,PASSED_THEME,0,,,,,
2026-01-05 18:27:38,RCAT,TIER1,10.38,2.67,100,29.0,29.4,,0.0,0,SKIPPED,TECHNICAL_ONLY,0,,,,,
2026-01-05 18:27:38,UCTT,TIER1,29.76,2.29,100,14.2,13.4,,0.0,0,SKIPPED,TECHNICAL_ONLY,0,,,,,
2026-01-05 18:27:38,PI,TIER2,171.6,2.14,69.3,18.1,8.4,,0.0,0,SKIPPED,TECHNICAL_ONLY,0,,,,,
2026-01-05 18:27:38,CC,TIER1,12.8,2.08,73.1,-1.2,0.8,,0.0,0,SKIPPED,TECHNICAL_ONLY,0,,,,,
2026-01-05 18:27:38,ALGM,TIER1,28.53,1.94,73.8,5.3,-2.3,,0.0,0,SKIPPED,TECHNICAL_ONLY,0,,,,,
2026-01-05 18:27:38,FIX,TIER1,1035.25,1.81,93.2,7.0,3.4,,0.0,0,SKIPPED,TECHNICAL_ONLY,0,,,,,
2026-01-05 18:27:38,TMC,TIER2,7.28,1.69,60.8,9.6,-4.2,,0.0,0,SKIPPED,TECHNICAL_ONLY,0,,,,,
2026-01-05 18:27:38,IBKR,TIER1,70.86,1.65,95.1,10.5,9.9,,0.0,0,SKIPPED,TECHNICAL_ONLY,0,,,,,
2026-01-05 18:27:38,XYZ,TIER1,68.77,1.62,85.0,6.2,12.5,,0.0,0,SKIPPED,TECHNICAL_ONLY,0,,,,,
2026-01-05 18:27:38,BBWI,TIER1,20.79,1.6,76.6,3.7,10.4,,0.0,0,SKIPPED,TECHNICAL_ONLY,0,,,,,
2026-01-05 18:27:38,TLN,TIER1,386.76,1.53,75.8,8.5,9.2,,0.0,0,SKIPPED,TECHNICAL_ONLY,0,,,,,
2026-01-05 18:27:38,PENN,TIER1,15.36,1.51,84.9,7.6,11.1,,0.0,0,SKIPPED,TECHNICAL_ONLY,0,,,,,
2026-01-05 18:27:38,REZI,TIER2,36.33,1.51,64.3,0.4,7.4,,0.0,0,SKIPPED,TECHNICAL_ONLY,0,,,,,
2026-01-05 18:27:38,VECO,TIER2,31.52,1.5,64.6,2.9,-1.7,,0.0,0,SKIPPED,TECHNICAL_ONLY,0,,,,,
2026-01-05 18:34:07,RCAT,TIER1,10.46,2.67,100,30.0,30.4,Defense & Aerospace Manufacturing,0.0,85,GOOD FIT,CONSIDER,3,Warm 🔥🔥,Moderate (20-50%),Growing cybersecurity market; Enterprise security demand,Small cap volatility; Competitive enterprise software space; Execution risk on growth,Red Cat Security operates in a growing cybersecurity niche but faces typical small-cap execution risks. Sector tailwinds present but competitive landscape intense.
2026-01-05 18:34:07,ALGM,TIER1,28.51,1.94,73.4,5.2,-2.4,AI Power Infrastructure / Grid Modernization,0.0,55,STRONG FIT,CONSIDER,3,Warm 🔥🔥,Moderate (20-50%),5G infrastructure buildout; Telecom equipment demand; Potential margin expansion,Customer concentration; Cyclical telecom capex; Supply chain pressures,Allegro MicroSystems benefits from 5G and automotive semiconductor trends; but faces typical semiconductor sector cyclicality and customer concentration risks.
2026-01-05 18:34:07,VECO,TIER2,31.56,1.5,65.1,3.1,-1.5,AI Power Infrastructure / Grid Modernization,0.0,60,GOOD FIT,CONSIDER,3,Cooling 🔥,Moderate (20-50%),Specialized deposition equipment; Advanced node requirements; Potential cycle recovery,Semiconductor cycle downturn; Customer concentration; High operational leverage,Veeco Instruments provides specialized equipment for advanced semiconductors. While sector faces cyclical headwinds; specialized positioning could drive recovery when cycle turns.
2026-01-05 21:32:05,SERV,TIER1,12.78,2.69,100,5.4,-4.8,Defense & Aerospace Supply Chain,0.0,35,GOOD FIT,ERROR,0,,,,,
2026-01-05 21:32:05,RCAT,TIER1,10.61,2.68,100,32.0,32.3,Defense & Aerospace Supply Chain,0.0,85,GOOD FIT,ERROR,0,,,,,
2026-01-05 21:32:05,UCTT,TIER1,29.41,2.29,100,12.9,12.1,Materials Infrastructure Rebuild,0.0,60,STRONG FIT,ERROR,0,,,,,
2026-01-05 21:32:05,CC,TIER2,12.68,2.08,67.7,-2.1,-0.2,Materials Infrastructure Rebuild,0.0,70,STRONG FIT,ERROR,0,,,,,
2026-01-05 21:32:05,ALGM,TIER2,28.33,1.94,69.7,4.5,-3.0,Energy Infrastructure Modernization,0.0,55,GOOD FIT,ERROR,0,,,,,
2026-01-05 21:32:05,FIX,TIER1,1029.85,1.81,90.0,6.4,2.8,Materials Infrastructure Rebuild,0.0,75,STRONG FIT,ERROR,0,,,,,
2026-01-05 21:32:05,IBKR,TIER1,71.45,1.65,98.6,11.4,10.8,Financial Services Rate Normalization,0.0,80,STRONG FIT,ERROR,0,,,,,
2026-01-05 21:32:05,CTOS,TIER3,6.16,1.64,58.8,0.4,0.7,Energy Infrastructure Modernization,0.0,85,GOOD FIT,ERROR,0,,,,,
2026-01-05 21:32:05,VECO,TIER2,31.35,1.5,61.7,2.4,-2.2,Materials Infrastructure Rebuild,0.0,75,STRONG FIT,ERROR,0,,,,,
2026-01-05 22:01:40,RCAT,TIER1,10.79,2.68,100,34.2,34.5,Defense Manufacturing & Aerospace,0.0,85,STRONG FIT,CONSIDER,3,NEUTRAL,High (50%+),Strong theme momentum in defense sector; Small size makes it M&A target; Defense budget tailwinds multi-year; Manufacturing bottlenecks create pricing power,Low liquidity could amplify volatility; Single large contract dependency; Limited financial disclosure frequency,RCAT fits perfectly in the hot defense theme with strong sector tailwinds; but small cap nature creates execution and liquidity risks. Catalyst potential exists through contract wins and M&A; but timing uncertain without current data.
2026-01-05 22:01:40,SERV,TIER1,12.61,2.68,95.3,4.0,-6.0,Industrial Automation & Manufacturing,0.0,40,GOOD FIT,CONSIDER,3,NEUTRAL,Uncertain,Industrial automation theme momentum with 7.0/10 score; Manufacturing labor shortages driving automation adoption; Defense production needs creating tailwinds,No visible catalyst for 50-100% move; Small-cap execution risk; Potential dilution history unknown,While SERV fits the strong Industrial Automation theme; lacks identifiable catalyst for asymmetric returns. Theme momentum alone insufficient without specific earnings beat potential; major contract wins; or product launches.
2026-01-05 22:01:40,PI,TIER1,176.56,2.15,83.2,21.5,11.6,Industrial Automation & Manufacturing,0.0,60,STRONG FIT,CONSIDER,3,NEUTRAL,High (50%+),Strong fit with hot Industrial Automation theme; Manufacturing labor shortage driving automation demand; Defense production needs creating tailwinds; Established player in mission-critical automation,Earnings timing uncertainty without current data; Industrial automation adoption can be lumpy; Economic slowdown risk to capex spending,PI shows strong thematic alignment with industrial automation bottleneck thesis; but without current web data; cannot confirm immediate catalyst timing or rule out recent red flags. Theme fundamentals remain compelling for 50-100% moves.
2026-01-05 22:01:40,CC,TIER2,12.73,2.08,69.8,-1.7,0.2,Battery Materials & Processing,0.0,35,GOOD FIT,CONSIDER,3,NEUTRAL,High (50%+),Battery processing bottleneck theme gaining momentum; EV adoption driving demand for processing capacity; Potential beneficiary of IRA battery supply chain incentives,Small cap execution risk; Commodity price volatility; Competition from established chemical companies,CC fits the battery materials processing bottleneck thesis well; but lacks clear near-term catalyst visibility. Theme momentum is present but company-specific drivers unclear without current data. Information staleness creates uncertainty around timing and governance.
2026-01-05 22:01:40,ALGM,TIER1,28.36,1.94,70.1,4.6,-2.9,Industrial Automation & Manufacturing,0.0,70,STRONG FIT,CONSIDER,3,NEUTRAL,High (50%+),Strong fit in hot industrial automation theme; Defense manufacturing exposure aligns with geopolitical tailwinds; Manufacturing labor shortages driving automation adoption; Potential beneficiary of de,Small-cap volatility in current market; Execution risk on defense contracts; Cyclical exposure to industrial capex; Limited analyst coverage may constrain institutional flow,ALGM fits strongly into a confirmed hot theme with solid fundamental drivers around automation adoption and defense manufacturing. However; without current data on earnings timing; recent filings; and governance status; there's elevated information risk for position entry.
2026-01-05 22:01:40,CTOS,TIER3,6.17,1.64,60.0,0.7,1.0,Grid Infrastructure & Power Delivery,0.0,75,STRONG FIT,CONSIDER,3,NEUTRAL,Uncertain,Perfect theme alignment with grid infrastructure bottleneck; Low float microcap structure for explosive moves; Power delivery critical for AI/data center expansion,Limited catalyst visibility without current data; Microcap liquidity constraints; Execution risk on grid infrastructure contracts,Strong thematic fit in the #1 ranked Grid Infrastructure theme; but lack of visible near-term catalysts makes this dead money risk despite perfect positioning. Small-cap grid plays can move 100%+ when catalysts hit; but timing is everything.
2026-01-05 22:01:40,REZI,TIER2,36.32,1.51,64.1,0.4,7.4,Industrial Automation & Manufacturing,0.0,55,GOOD FIT,CONSIDER,2,NEUTRAL,Uncertain,Real estate technology automation fits theme; Manufacturing labor shortage drivers intact; Potential M&A target in consolidating proptech,No visible catalyst for re-rating; Real estate market headwinds; Uncertain earnings timing creates information gap,REZI fits the Industrial Automation theme as a real estate technology company; but lacks a clear catalyst for 50-100% moves. Without current earnings dates; analyst coverage; or recent developments; the setup appears to be 'dead money' despite clean fundamentals.
2026-01-05 22:01:40,VECO,TIER3,31.05,1.5,56.7,1.4,-3.1,Industrial Automation & Manufacturing,0.0,70,STRONG FIT,CONSIDER,3,NEUTRAL,High (50%+),Strong fit with industrial automation theme; Defense manufacturing exposure; Automation labor shortage tailwinds,Cyclical industrial exposure; Competition in automation space; Data freshness concerns,VECO fits strongly with the investable Industrial Automation theme and should benefit from manufacturing labor shortages driving automation adoption. However; without current catalyst timing; insider activity; and recent financial data; conviction is limited to moderate levels.
2026-01-06 19:19:31,RCAT,TIER1,10.89,2.68,100,35.4,31.7,,0.0,0,ERROR,THEME_CONFIRMED,0,,,,,
2026-01-06 19:19:31,SERV,TIER1,12.76,2.68,100,5.2,-4.9,,0.0,0,ERROR,THEME_CONFIRMED,0,,,,,
2026-01-06 19:19:31,UCTT,TIER1,31.79,2.29,100,22.0,18.5,,0.0,0,ERROR,THEME_CONFIRMED,0,,,,,
2026-01-06 19:19:31,PI,TIER1,184.48,2.15,100,26.9,16.4,,0.0,0,ERROR,THEME_CONFIRMED,0,,,,,
2026-01-06 19:19:31,CC,TIER1,13.1,2.08,85.0,1.2,7.4,,0.0,0,ERROR,THEME_CONFIRMED,0,,,,,
2026-01-06 19:19:31,ALGM,TIER1,31.5,1.95,100,16.2,9.6,,0.0,0,ERROR,THEME_CONFIRMED,0,,,,,
2026-01-06 19:19:31,VSAT,TIER1,41.29,1.86,100,15.2,11.7,,0.0,0,ERROR,THEME_CONFIRMED,0,,,,,
2026-01-06 19:19:31,FIX,TIER1,1021.35,1.81,85.2,5.5,3.2,,0.0,0,ERROR,THEME_CONFIRMED,0,,,,,
2026-01-06 19:19:31,PENG,TIER2,21.3,1.76,67.7,2.2,-3.7,,0.0,0,ERROR,THEME_CONFIRMED,0,,,,,
2026-01-06 19:19:31,IBKR,TIER1,72.78,1.65,100,13.5,10.6,,0.0,0,ERROR,THEME_CONFIRMED,0,,,,,
2026-01-06 19:19:31,CTOS,TIER3,6.11,1.64,55.1,-0.3,1.5,,0.0,0,ERROR,THEME_CONFIRMED,0,,,,,
2026-01-06 19:19:31,XYZ,TIER1,69.03,1.62,83.8,6.6,13.1,,0.0,0,ERROR,THEME_CONFIRMED,0,,,,,
2026-01-06 19:19:31,BBWI,TIER1,21.89,1.6,100,9.2,11.4,,0.0,0,ERROR,THEME_CONFIRMED,0,,,,,
2026-01-06 19:19:31,FUTU,TIER1,181.8,1.57,84.9,6.0,5.7,,0.0,0,ERROR,THEME_CONFIRMED,0,,,,,
2026-01-06 19:19:31,TLN,TIER1,390.59,1.53,78.1,9.6,10.5,,0.0,0,ERROR,THEME_CONFIRMED,0,,,,,
2026-01-06 19:19:31,PENN,TIER1,14.99,1.51,70.2,5.0,8.9,,0.0,0,ERROR,THEME_CONFIRMED,0,,,,,
2026-01-06 19:19:31,VECO,TIER1,32.47,1.51,80.2,6.0,1.0,,0.0,0,ERROR,THEME_CONFIRMED,0,,,,,
2026-01-06 19:19:31,SVC,TIER1,2.09,1.5,100,9.7,14.6,,0.0,0,ERROR,THEME_CONFIRMED,0,,,,,
2026-01-06 19:23:49,RCAT,TIER1,10.87,2.68,100,35.2,31.4,,0.0,0,ERROR,THEME_CONFIRMED,0,,,,,
2026-01-06 19:23:49,SERV,TIER1,12.71,2.68,100,4.8,-5.3,,0.0,0,ERROR,THEME_CONFIRMED,0,,,,,
2026-01-06 19:23:49,UCTT,TIER1,31.85,2.29,100,22.3,18.8,,0.0,0,ERROR,THEME_CONFIRMED,0,,,,,
2026-01-06 19:23:49,PI,TIER1,184.51,2.15,100,27.0,16.4,,0.0,0,ERROR,THEME_CONFIRMED,0,,,,,
2026-01-06 19:23:49,CC,TIER1,13.12,2.08,85.8,1.3,7.5,,0.0,0,ERROR,THEME_CONFIRMED,0,,,,,
2026-01-06 19:23:49,ALGM,TIER1,31.51,1.95,100,16.2,9.6,,0.0,0,ERROR,THEME_CONFIRMED,0,,,,,
2026-01-06 19:23:49,VSAT,TIER1,41.34,1.86,100,15.4,11.8,,0.0,0,ERROR,THEME_CONFIRMED,0,,,,,
2026-01-06 19:23:49,FIX,TIER1,1021.35,1.81,85.2,5.5,3.2,,0.0,0,ERROR,THEME_CONFIRMED,0,,,,,
2026-01-06 19:23:49,PENG,TIER2,21.33,1.76,68.5,2.4,-3.5,,0.0,0,ERROR,THEME_CONFIRMED,0,,,,,
2026-01-06 19:23:49,IBKR,TIER1,72.76,1.65,100,13.4,10.6,,0.0,0,ERROR,THEME_CONFIRMED,0,,,,,
2026-01-06 19:23:49,CTOS,TIER3,6.12,1.64,55.9,-0.2,1.7,,0.0,0,ERROR,THEME_CONFIRMED,0,,,,,
2026-01-06 19:23:49,XYZ,TIER1,69.0,1.62,83.6,6.6,13.0,,0.0,0,ERROR,THEME_CONFIRMED,0,,,,,
2026-01-06 19:23:49,BBWI,TIER1,21.89,1.6,100,9.2,11.4,,0.0,0,ERROR,THEME_CONFIRMED,0,,,,,
2026-01-06 19:23:49,FUTU,TIER1,182.14,1.57,85.8,6.2,5.9,,0.0,0,ERROR,THEME_CONFIRMED,0,,,,,
2026-01-06 19:23:49,TLN,TIER1,390.59,1.53,78.1,9.6,10.5,,0.0,0,ERROR,THEME_CONFIRMED,0,,,,,
2026-01-06 19:23:49,PENN,TIER2,14.98,1.51,69.7,4.9,8.8,,0.0,0,ERROR,THEME_CONFIRMED,0,,,,,
2026-01-06 19:23:49,VECO,TIER1,32.58,1.51,82.0,6.4,1.4,,0.0,0,ERROR,THEME_CONFIRMED,0,,,,,
2026-01-06 19:23:49,SVC,TIER1,2.09,1.5,100,9.7,14.6,,0.0,0,ERROR,THEME_CONFIRMED,0,,,,,
2026-01-06 19:32:34,RCAT,TIER1,10.91,2.68,100,35.8,32.0,,0.0,0,SKIPPED,THEME_CONFIRMED,0,,,,,
2026-01-06 19:32:34,SERV,TIER1,12.73,2.68,100,5.0,-5.1,,0.0,0,SKIPPED,THEME_CONFIRMED,0,,,,,
2026-01-06 19:32:34,UCTT,TIER1,31.83,2.29,100,22.2,18.7,,0.0,0,SKIPPED,THEME_CONFIRMED,0,,,,,
2026-01-06 19:32:34,PI,TIER1,184.62,2.15,100,27.0,16.4,,0.0,0,SKIPPED,THEME_CONFIRMED,0,,,,,
2026-01-06 19:32:34,CC,TIER1,13.12,2.08,86.0,1.4,7.6,,0.0,0,SKIPPED,THEME_CONFIRMED,0,,,,,
2026-01-06 19:32:34,ALGM,TIER1,31.47,1.95,100,16.1,9.5,,0.0,0,SKIPPED,THEME_CONFIRMED,0,,,,,
2026-01-06 19:32:34,VSAT,TIER1,41.24,1.86,100,15.1,11.5,,0.0,0,SKIPPED,THEME_CONFIRMED,0,,,,,
2026-01-06 19:32:34,FIX,TIER1,1018.0,1.81,83.4,5.2,2.9,,0.0,0,SKIPPED,THEME_CONFIRMED,0,,,,,
2026-01-06 19:32:34,PENG,TIER2,21.31,1.76,68.0,2.3,-3.6,,0.0,0,SKIPPED,THEME_CONFIRMED,0,,,,,
2026-01-06 19:32:34,IBKR,TIER1,72.71,1.65,100,13.4,10.5,,0.0,0,SKIPPED,THEME_CONFIRMED,0,,,,,
2026-01-06 19:32:34,CTOS,TIER3,6.14,1.64,58.0,0.2,2.1,,0.0,0,SKIPPED,THEME_CONFIRMED,0,,,,,
2026-01-06 19:32:34,XYZ,TIER1,69.0,1.62,83.6,6.6,13.0,,0.0,0,SKIPPED,THEME_CONFIRMED,0,,,,,
2026-01-06 19:32:34,BBWI,TIER1,21.86,1.6,100,9.0,11.2,,0.0,0,SKIPPED,THEME_CONFIRMED,0,,,,,
2026-01-06 19:32:34,FUTU,TIER1,181.58,1.57,84.2,5.9,5.6,,0.0,0,SKIPPED,THEME_CONFIRMED,0,,,,,
2026-01-06 19:32:34,TLN,TIER1,389.9,1.53,77.2,9.4,10.3,,0.0,0,SKIPPED,THEME_CONFIRMED,0,,,,,
2026-01-06 19:32:34,PENN,TIER2,14.93,1.51,68.0,4.6,8.4,,0.0,0,SKIPPED,THEME_CONFIRMED,0,,,,,
2026-01-06 19:32:34,SVC,TIER1,2.08,1.5,100,9.5,14.3,,0.0,0,SKIPPED,THEME_CONFIRMED,0,,,,,
2026-01-06 19:32:34,VECO,TIER1,32.51,1.5,80.7,6.2,1.1,,0.0,0,SKIPPED,THEME_CONFIRMED,0,,,,,
2026-01-06 19:36:45,RCAT,TIER1,10.91,2.68,100,35.8,32.0,,0.0,0,SKIPPED,THEME_CONFIRMED,0,,,,,
2026-01-06 19:36:45,SERV,TIER1,12.77,2.68,100,5.2,-4.9,,0.0,0,SKIPPED,THEME_CONFIRMED,0,,,,,
2026-01-06 19:36:45,UCTT,TIER1,31.92,2.29,100,22.5,19.0,,0.0,0,SKIPPED,THEME_CONFIRMED,0,,,,,
2026-01-06 19:36:45,PI,TIER1,184.62,2.15,100,27.0,16.4,,0.0,0,SKIPPED,THEME_CONFIRMED,0,,,,,
2026-01-06 19:36:45,CC,TIER1,13.16,2.08,87.4,1.6,7.9,,0.0,0,SKIPPED,THEME_CONFIRMED,0,,,,,
2026-01-06 19:36:45,ALGM,TIER1,31.37,1.95,100,15.7,9.1,,0.0,0,SKIPPED,THEME_CONFIRMED,0,,,,,
2026-01-06 19:36:45,VSAT,TIER1,41.24,1.86,100,15.1,11.5,,0.0,0,SKIPPED,THEME_CONFIRMED,0,,,,,
2026-01-06 19:36:45,FIX,TIER1,1016.0,1.81,82.4,5.0,2.7,,0.0,0,SKIPPED,THEME_CONFIRMED,0,,,,,
2026-01-06 19:36:45,PENG,TIER2,21.36,1.76,69.3,2.5,-3.4,,0.0,0,SKIPPED,THEME_CONFIRMED,0,,,,,
2026-01-06 19:36:45,IBKR,TIER1,72.76,1.65,100,13.4,10.6,,0.0,0,SKIPPED,THEME_CONFIRMED,0,,,,,
2026-01-06 19:36:45,CTOS,TIER3,6.14,1.64,58.0,0.2,2.1,,0.0,0,SKIPPED,THEME_CONFIRMED,0,,,,,
2026-01-06 19:36:45,XYZ,TIER1,69.1,1.62,84.3,6.7,13.2,,0.0,0,SKIPPED,THEME_CONFIRMED,0,,,,,
2026-01-06 19:36:45,BBWI,TIER1,21.84,1.6,100,9.0,11.2,,0.0,0,SKIPPED,THEME_CONFIRMED,0,,,,,
2026-01-06 19:36:45,FUTU,TIER1,181.29,1.56,83.3,5.7,5.4,,0.0,0,SKIPPED,THEME_CONFIRMED,0,,,,,
2026-01-06 19:36:45,TLN,TIER1,391.16,1.53,78.9,9.8,10.7,,0.0,0,SKIPPED,THEME_CONFIRMED,0,,,,,
2026-01-06 19:36:45,PENN,TIER2,14.93,1.51,67.8,4.5,8.4,,0.0,0,SKIPPED,THEME_CONFIRMED,0,,,,,
2026-01-06 19:36:45,SVC,TIER1,2.08,1.5,100,9.5,14.4,,0.0,0,SKIPPED,THEME_CONFIRMED,0,,,,,
2026-01-06 19:36:45,VECO,TIER1,32.47,1.5,80.1,6.0,1.0,,0.0,0,SKIPPED,THEME_CONFIRMED,0,,,,,
2026-01-06 19:41:00,RCAT,TIER1,10.91,2.68,100,35.7,31.9,,0.0,0,SKIPPED,THEME_CONFIRMED,0,,,,,
2026-01-06 19:41:00,SERV,TIER1,12.7,2.68,100,4.7,-5.4,,0.0,0,SKIPPED,THEME_CONFIRMED,0,,,,,
2026-01-06 19:41:00,UCTT,TIER1,31.73,2.29,100,21.8,18.3,,0.0,0,SKIPPED,THEME_CONFIRMED,0,,,,,
2026-01-06 19:41:00,PI,TIER1,184.9,2.15,100,27.2,16.6,,0.0,0,SKIPPED,THEME_CONFIRMED,0,,,,,
2026-01-06 19:41:00,CC,TIER1,13.12,2.08,86.0,1.4,7.6,,0.0,0,SKIPPED,THEME_CONFIRMED,0,,,,,
2026-01-06 19:41:00,ALGM,TIER1,31.43,1.95,100,15.9,9.3,,0.0,0,SKIPPED,THEME_CONFIRMED,0,,,,,
2026-01-06 19:41:00,VSAT,TIER1,41.27,1.86,100,15.2,11.6,,0.0,0,SKIPPED,THEME_CONFIRMED,0,,,,,
2026-01-06 19:41:00,FIX,TIER1,1014.51,1.81,81.6,4.8,2.5,,0.0,0,SKIPPED,THEME_CONFIRMED,0,,,,,
2026-01-06 19:41:00,PENG,TIER2,21.33,1.76,68.4,2.4,-3.5,,0.0,0,SKIPPED,THEME_CONFIRMED,0,,,,,
2026-01-06 19:41:00,TMC,TIER3,7.18,1.69,55.4,8.1,-7.9,,0.0,0,SKIPPED,THEME_CONFIRMED,0,,,,,
2026-01-06 19:41:00,IBKR,TIER1,72.69,1.65,100,13.3,10.5,,0.0,0,SKIPPED,THEME_CONFIRMED,0,,,,,
2026-01-06 19:41:00,CTOS,TIER3,6.14,1.64,57.6,0.2,2.0,,0.0,0,SKIPPED,THEME_CONFIRMED,0,,,,,
2026-01-06 19:41:00,XYZ,TIER1,69.1,1.62,84.3,6.7,13.2,,0.0,0,SKIPPED,THEME_CONFIRMED,0,,,,,
2026-01-06 19:41:00,BBWI,TIER1,21.83,1.6,99.8,8.9,11.1,,0.0,0,SKIPPED,THEME_CONFIRMED,0,,,,,
2026-01-06 19:41:00,FUTU,TIER1,181.38,1.57,83.6,5.8,5.5,,0.0,0,SKIPPED,THEME_CONFIRMED,0,,,,,
2026-01-06 19:41:00,TLN,TIER1,391.19,1.53,78.9,9.8,10.7,,0.0,0,SKIPPED,THEME_CONFIRMED,0,,,,,
2026-01-06 19:41:00,PENN,TIER2,14.93,1.51,67.8,4.5,8.4,,0.0,0,SKIPPED,THEME_CONFIRMED,0,,,,,
2026-01-06 19:41:00,REZI,TIER3,35.76,1.5,55.1,-1.2,6.0,,0.0,0,SKIPPED,THEME_CONFIRMED,0,,,,,
2026-01-06 19:41:00,SVC,TIER1,2.08,1.5,100,9.5,14.3,,0.0,0,SKIPPED,THEME_CONFIRMED,0,,,,,
2026-01-06 19:41:00,VECO,TIER1,32.47,1.5,80.1,6.0,1.0,,0.0,0,SKIPPED,THEME_CONFIRMED,0,,,,,
2026-01-06 19:44:40,RCAT,TIER1,10.86,2.68,100,35.1,31.3,,0.0,0,SKIPPED,THEME_CONFIRMED,0,,,,,
2026-01-06 19:44:40,SERV,TIER1,12.65,2.68,100,4.3,-5.7,,0.0,0,SKIPPED,THEME_CONFIRMED,0,,,,,
2026-01-06 19:44:40,UCTT,TIER1,31.66,2.29,100,21.5,18.0,,0.0,0,SKIPPED,THEME_CONFIRMED,0,,,,,
2026-01-06 19:44:40,PI,TIER1,184.9,2.15,100,27.2,16.6,,0.0,0,SKIPPED,THEME_CONFIRMED,0,,,,,
2026-01-06 19:44:40,CC,TIER1,13.05,2.08,82.9,0.8,7.0,,0.0,0,SKIPPED,THEME_CONFIRMED,0,,,,,
2026-01-06 19:44:40,ALGM,TIER1,31.43,1.95,100,15.9,9.3,,0.0,0,SKIPPED,THEME_CONFIRMED,0,,,,,
2026-01-06 19:44:40,VSAT,TIER1,41.42,1.86,100,15.6,12.0,,0.0,0,SKIPPED,THEME_CONFIRMED,0,,,,,
2026-01-06 19:44:40,FIX,TIER1,1019.03,1.81,84.0,5.3,3.0,,0.0,0,SKIPPED,THEME_CONFIRMED,0,,,,,
2026-01-06 19:44:40,PENG,TIER2,21.31,1.76,67.9,2.3,-3.6,,0.0,0,SKIPPED,THEME_CONFIRMED,0,,,,,
2026-01-06 19:44:40,IBKR,TIER1,72.73,1.65,100,13.4,10.5,,0.0,0,SKIPPED,THEME_CONFIRMED,0,,,,,
2026-01-06 19:44:40,CTOS,TIER3,6.14,1.64,57.6,0.2,2.0,,0.0,0,SKIPPED,THEME_CONFIRMED,0,,,,,
2026-01-06 19:44:40,XYZ,TIER1,69.1,1.62,84.2,6.7,13.2,,0.0,0,SKIPPED,THEME_CONFIRMED,0,,,,,
2026-01-06 19:44:40,BBWI,TIER1,21.83,1.6,99.5,8.9,11.1,,0.0,0,SKIPPED,THEME_CONFIRMED,0,,,,,
2026-01-06 19:44:40,FUTU,TIER1,181.37,1.56,83.6,5.8,5.5,,0.0,0,SKIPPED,THEME_CONFIRMED,0,,,,,
2026-01-06 19:44:40,TLN,TIER1,391.87,1.53,79.8,10.0,10.9,,0.0,0,SKIPPED,THEME_CONFIRMED,0,,,,,
2026-01-06 19:44:40,PENN,TIER2,14.95,1.51,68.6,4.7,8.6,,0.0,0,SKIPPED,THEME_CONFIRMED,0,,,,,
2026-01-06 19:44:40,VECO,TIER1,32.49,1.51,80.4,6.1,1.1,,0.0,0,SKIPPED,THEME_CONFIRMED,0,,,,,
2026-01-06 19:44:40,SVC,TIER1,2.08,1.5,100,9.5,14.3,,0.0,0,SKIPPED,THEME_CONFIRMED,0,,,,,
2026-01-06 19:51:58,RCAT,TIER1,10.84,2.68,100,34.8,31.0,,0.0,0,SKIPPED,THEME_CONFIRMED,0,,,,,
2026-01-06 19:51:58,SERV,TIER1,12.68,2.68,100,4.6,-5.5,,0.0,0,SKIPPED,THEME_CONFIRMED,0,,,,,
2026-01-06 19:51:58,UCTT,TIER1,31.8,2.29,100,22.1,18.6,,0.0,0,SKIPPED,THEME_CONFIRMED,0,,,,,
2026-01-06 19:51:58,PI,TIER1,184.75,2.15,100,27.1,16.5,,0.0,0,SKIPPED,THEME_CONFIRMED,0,,,,,
2026-01-06 19:51:58,CC,TIER1,13.06,2.08,83.3,0.8,7.0,,0.0,0,SKIPPED,THEME_CONFIRMED,0,,,,,
2026-01-06 19:51:58,ALGM,TIER1,31.42,1.95,100,15.9,9.3,,0.0,0,SKIPPED,THEME_CONFIRMED,0,,,,,
2026-01-06 19:51:58,VSAT,TIER1,41.62,1.86,100,16.2,12.5,,0.0,0,SKIPPED,THEME_CONFIRMED,0,,,,,
2026-01-06 19:51:58,FIX,TIER1,1021.54,1.8,85.2,5.5,3.2,,0.0,0,SKIPPED,THEME_CONFIRMED,0,,,,,
2026-01-06 19:51:58,PENG,TIER2,21.31,1.76,67.9,2.3,-3.6,,0.0,0,SKIPPED,THEME_CONFIRMED,0,,,,,
2026-01-06 19:51:58,IBKR,TIER1,72.85,1.65,100,13.6,10.7,,0.0,0,SKIPPED,THEME_CONFIRMED,0,,,,,
2026-01-06 19:51:58,CTOS,TIER3,6.12,1.64,55.9,-0.2,1.7,,0.0,0,SKIPPED,THEME_CONFIRMED,0,,,,,
2026-01-06 19:51:58,XYZ,TIER1,69.17,1.62,84.8,6.8,13.3,,0.0,0,SKIPPED,THEME_CONFIRMED,0,,,,,
2026-01-06 19:51:58,BBWI,TIER1,21.88,1.6,100,9.1,11.3,,0.0,0,SKIPPED,THEME_CONFIRMED,0,,,,,
2026-01-06 19:51:58,FUTU,TIER1,181.15,1.56,82.9,5.7,5.4,,0.0,0,SKIPPED,THEME_CONFIRMED,0,,,,,
2026-01-06 19:51:58,TLN,TIER1,392.61,1.53,80.8,10.2,11.1,,0.0,0,SKIPPED,THEME_CONFIRMED,0,,,,,
2026-01-06 19:51:58,PENN,TIER2,14.97,1.51,69.2,4.8,8.7,,0.0,0,SKIPPED,THEME_CONFIRMED,0,,,,,
2026-01-06 19:51:58,VECO,TIER1,32.45,1.51,79.7,6.0,1.0,,0.0,0,SKIPPED,THEME_CONFIRMED,0,,,,,
2026-01-06 19:51:58,SVC,TIER1,2.08,1.5,100,9.5,14.3,,0.0,0,SKIPPED,THEME_CONFIRMED,0,,,,,
2026-01-06 19:58:44,RCAT,TIER1,10.85,2.68,100,35.0,31.3,Defense & Aerospace,0.0,95,GOOD FIT,THEME_CONFIRMED,0,,,,,
2026-01-06 19:58:44,UCTT,TIER1,31.78,2.29,100,22.0,18.5,Semiconductors & AI Chips,0.0,85,GOOD FIT,THEME_CONFIRMED,0,,,,,
2026-01-06 19:58:44,ALGM,TIER1,31.43,1.95,100,15.9,9.3,Grid Infrastructure & Electrification,0.0,70,STRONG FIT,THEME_CONFIRMED,0,,,,,
2026-01-06 19:58:44,FIX,TIER1,1019.09,1.8,84.0,5.3,3.0,Grid Infrastructure & Electrification,0.0,65,STRONG FIT,THEME_CONFIRMED,0,,,,,
2026-01-06 19:58:44,PENG,TIER2,21.36,1.76,69.1,2.5,-3.4,Semiconductors & AI Chips,0.0,60,GOOD FIT,THEME_CONFIRMED,0,,,,,
2026-01-06 19:58:44,CTOS,TIER3,6.13,1.64,56.8,0.0,1.8,Grid Infrastructure & Electrification,0.0,70,GOOD FIT,THEME_CONFIRMED,0,,,,,
2026-01-06 19:58:44,TLN,TIER1,392.93,1.53,81.2,10.3,11.2,Nuclear Power Renaissance,0.0,80,STRONG FIT,THEME_CONFIRMED,0,,,,,
2026-01-06 19:58:44,VECO,TIER1,32.4,1.51,78.8,5.8,0.8,Semiconductors & AI Chips,0.0,85,GOOD FIT,THEME_CONFIRMED,0,,,,,
2026-01-06 20:04:47,ALGM,TIER1,31.5,1.95,100,16.2,9.6,Copper & Electrification Materials,0.0,60,GOOD FIT,THEME_CONFIRMED,0,,,,,
2026-01-06 20:04:47,FIX,TIER1,1021.29,1.8,85.1,5.5,3.2,Grid Infrastructure & Power Equipment,0.0,70,STRONG FIT,THEME_CONFIRMED,0,,,,,
2026-01-06 20:04:47,IBKR,TIER1,72.77,1.65,100,13.4,10.6,Financials / Regional Banks,0.0,50,GOOD FIT,THEME_CONFIRMED,0,,,,,
2026-01-06 20:04:47,CTOS,TIER3,6.13,1.64,56.8,0.0,1.8,Grid Infrastructure & Power Equipment,0.0,75,STRONG FIT,THEME_CONFIRMED,0,,,,,
2026-01-06 20:04:47,TLN,TIER1,393.05,1.53,81.4,10.3,11.2,Nuclear Energy & SMRs,0.0,85,STRONG FIT,THEME_CONFIRMED,0,,,,,
